DEBUG - 2025-12-09 17:11:32 --> Session: Class initialized using 'CodeIgniter\Session\Handlers\FileHandler' driver.
DEBUG - 2025-12-09 17:12:47 --> Session: Class initialized using 'CodeIgniter\Session\Handlers\FileHandler' driver.
DEBUG - 2025-12-09 17:12:49 --> Session: Class initialized using 'CodeIgniter\Session\Handlers\FileHandler' driver.
DEBUG - 2025-12-09 17:13:03 --> Session: Class initialized using 'CodeIgniter\Session\Handlers\FileHandler' driver.
DEBUG - 2025-12-09 17:13:03 --> Session: Class initialized using 'CodeIgniter\Session\Handlers\FileHandler' driver.
DEBUG - 2025-12-09 17:13:10 --> Session: Class initialized using 'CodeIgniter\Session\Handlers\FileHandler' driver.
DEBUG - 2025-12-09 17:13:16 --> Session: Class initialized using 'CodeIgniter\Session\Handlers\FileHandler' driver.
DEBUG - 2025-12-09 17:14:50 --> Session: Class initialized using 'CodeIgniter\Session\Handlers\FileHandler' driver.
DEBUG - 2025-12-09 17:14:50 --> Datos para crear usuario: Array
(
    [nombre] => Mario
    [email] => l20590634@sjuanrio.tecnm.mx
    [password] => 12345678
    [rol] => vendedor
)

DEBUG - 2025-12-09 17:14:50 --> Datos a insertar en usuario: Array
(
    [nombre] => Mario
    [email] => l20590634@sjuanrio.tecnm.mx
    [password] => $2y$10$Xjb4g5yVYzR.fRKK.5QxB.x.X8xmfLsHk.7GkMbx/vz8lM7eIN2iy
    [rol] => vendedor
    [activo] => 1
)

ERROR - 2025-12-09 17:14:51 --> mysqli_sql_exception: Table 'pos_system.usuario' doesn't exist in C:\pos_system\pos_system\system\Database\MySQLi\Connection.php:327
Stack trace:
#0 C:\pos_system\pos_system\system\Database\MySQLi\Connection.php(327): mysqli->query('SELECT 1\nFROM `...', 0)
#1 C:\pos_system\pos_system\system\Database\BaseConnection.php(729): CodeIgniter\Database\MySQLi\Connection->execute('SELECT 1\nFROM `...')
#2 C:\pos_system\pos_system\system\Database\BaseConnection.php(646): CodeIgniter\Database\BaseConnection->simpleQuery('SELECT 1\nFROM `...')
#3 C:\pos_system\pos_system\system\Database\BaseBuilder.php(1649): CodeIgniter\Database\BaseConnection->query('SELECT 1\nFROM `...', Array, false)
#4 C:\pos_system\pos_system\system\Validation\Rules.php(175): CodeIgniter\Database\BaseBuilder->get()
#5 C:\pos_system\pos_system\system\Validation\StrictRules\Rules.php(187): CodeIgniter\Validation\Rules->is_unique('l20590634@sjuan...', 'usuario.email', Array)
#6 C:\pos_system\pos_system\system\Validation\Validation.php(336): CodeIgniter\Validation\StrictRules\Rules->is_unique('l20590634@sjuan...', 'usuario.email', Array, NULL, 'email')
#7 C:\pos_system\pos_system\system\Validation\Validation.php(201): CodeIgniter\Validation\Validation->processRules('email', 'email', 'l20590634@sjuan...', Array, Array, 'email')
#8 C:\pos_system\pos_system\system\BaseModel.php(1570): CodeIgniter\Validation\Validation->run(Array, NULL, NULL)
#9 C:\pos_system\pos_system\system\BaseModel.php(807): CodeIgniter\BaseModel->validate(Array)
#10 C:\pos_system\pos_system\system\Model.php(797): CodeIgniter\BaseModel->insert(Array, true)
#11 C:\pos_system\pos_system\app\Controllers\ConfiguracionController.php(103): CodeIgniter\Model->insert(Array)
#12 C:\pos_system\pos_system\system\CodeIgniter.php(933): App\Controllers\ConfiguracionController->crearUsuario()
#13 C:\pos_system\pos_system\system\CodeIgniter.php(507): CodeIgniter\CodeIgniter->runController(Object(App\Controllers\ConfiguracionController))
#14 C:\pos_system\pos_system\system\CodeIgniter.php(354): CodeIgniter\CodeIgniter->handleRequest(NULL, Object(Config\Cache), false)
#15 C:\pos_system\pos_system\system\Boot.php(363): CodeIgniter\CodeIgniter->run()
#16 C:\pos_system\pos_system\system\Boot.php(68): CodeIgniter\Boot::runCodeIgniter(Object(CodeIgniter\CodeIgniter))
#17 C:\pos_system\pos_system\public\index.php(59): CodeIgniter\Boot::bootWeb(Object(Config\Paths))
#18 C:\pos_system\pos_system\system\rewrite.php(44): require_once('C:\\pos_system\\p...')
#19 {main}
ERROR - 2025-12-09 17:14:51 --> Excepción al crear usuario: Table 'pos_system.usuario' doesn't exist
DEBUG - 2025-12-09 17:14:52 --> Session: Class initialized using 'CodeIgniter\Session\Handlers\FileHandler' driver.
CRITICAL - 2025-12-09 17:23:02 --> Error: Class "App\Models\UsuarioModel" not found
[Method: POST, Route: configuracion/crear-usuario]
in APPPATH\Controllers\ConfiguracionController.php on line 15.
 1 SYSTEMPATH\CodeIgniter.php(903): App\Controllers\ConfiguracionController->__construct()
 2 SYSTEMPATH\CodeIgniter.php(498): CodeIgniter\CodeIgniter->createController()
 3 SYSTEMPATH\CodeIgniter.php(354): CodeIgniter\CodeIgniter->handleRequest(null, Object(Config\Cache), false)
 4 SYSTEMPATH\Boot.php(363): CodeIgniter\CodeIgniter->run()
 5 SYSTEMPATH\Boot.php(68): CodeIgniter\Boot::runCodeIgniter(Object(CodeIgniter\CodeIgniter))
 6 FCPATH\index.php(59): CodeIgniter\Boot::bootWeb(Object(Config\Paths))
 7 SYSTEMPATH\rewrite.php(44): require_once('C:\\pos_system\\pos_system\\public\\index.php')
CRITICAL - 2025-12-09 17:23:39 --> Error: Class "App\Models\UsuarioModel" not found
[Method: POST, Route: configuracion/crear-usuario]
in APPPATH\Controllers\ConfiguracionController.php on line 15.
 1 SYSTEMPATH\CodeIgniter.php(903): App\Controllers\ConfiguracionController->__construct()
 2 SYSTEMPATH\CodeIgniter.php(498): CodeIgniter\CodeIgniter->createController()
 3 SYSTEMPATH\CodeIgniter.php(354): CodeIgniter\CodeIgniter->handleRequest(null, Object(Config\Cache), false)
 4 SYSTEMPATH\Boot.php(363): CodeIgniter\CodeIgniter->run()
 5 SYSTEMPATH\Boot.php(68): CodeIgniter\Boot::runCodeIgniter(Object(CodeIgniter\CodeIgniter))
 6 FCPATH\index.php(59): CodeIgniter\Boot::bootWeb(Object(Config\Paths))
 7 SYSTEMPATH\rewrite.php(44): require_once('C:\\pos_system\\pos_system\\public\\index.php')
CRITICAL - 2025-12-09 17:23:43 --> Error: Class "App\Models\UsuarioModel" not found
[Method: POST, Route: configuracion/crear-usuario]
in APPPATH\Controllers\ConfiguracionController.php on line 15.
 1 SYSTEMPATH\CodeIgniter.php(903): App\Controllers\ConfiguracionController->__construct()
 2 SYSTEMPATH\CodeIgniter.php(498): CodeIgniter\CodeIgniter->createController()
 3 SYSTEMPATH\CodeIgniter.php(354): CodeIgniter\CodeIgniter->handleRequest(null, Object(Config\Cache), false)
 4 SYSTEMPATH\Boot.php(363): CodeIgniter\CodeIgniter->run()
 5 SYSTEMPATH\Boot.php(68): CodeIgniter\Boot::runCodeIgniter(Object(CodeIgniter\CodeIgniter))
 6 FCPATH\index.php(59): CodeIgniter\Boot::bootWeb(Object(Config\Paths))
 7 SYSTEMPATH\rewrite.php(44): require_once('C:\\pos_system\\pos_system\\public\\index.php')
CRITICAL - 2025-12-09 17:23:46 --> Error: Class "App\Models\UsuarioModel" not found
[Method: POST, Route: configuracion/crear-usuario]
in APPPATH\Controllers\ConfiguracionController.php on line 15.
 1 SYSTEMPATH\CodeIgniter.php(903): App\Controllers\ConfiguracionController->__construct()
 2 SYSTEMPATH\CodeIgniter.php(498): CodeIgniter\CodeIgniter->createController()
 3 SYSTEMPATH\CodeIgniter.php(354): CodeIgniter\CodeIgniter->handleRequest(null, Object(Config\Cache), false)
 4 SYSTEMPATH\Boot.php(363): CodeIgniter\CodeIgniter->run()
 5 SYSTEMPATH\Boot.php(68): CodeIgniter\Boot::runCodeIgniter(Object(CodeIgniter\CodeIgniter))
 6 FCPATH\index.php(59): CodeIgniter\Boot::bootWeb(Object(Config\Paths))
 7 SYSTEMPATH\rewrite.php(44): require_once('C:\\pos_system\\pos_system\\public\\index.php')
CRITICAL - 2025-12-09 17:23:51 --> Error: Class "App\Models\UsuarioModel" not found
[Method: GET, Route: configuracion]
in APPPATH\Controllers\ConfiguracionController.php on line 15.
 1 SYSTEMPATH\CodeIgniter.php(903): App\Controllers\ConfiguracionController->__construct()
 2 SYSTEMPATH\CodeIgniter.php(498): CodeIgniter\CodeIgniter->createController()
 3 SYSTEMPATH\CodeIgniter.php(354): CodeIgniter\CodeIgniter->handleRequest(null, Object(Config\Cache), false)
 4 SYSTEMPATH\Boot.php(363): CodeIgniter\CodeIgniter->run()
 5 SYSTEMPATH\Boot.php(68): CodeIgniter\Boot::runCodeIgniter(Object(CodeIgniter\CodeIgniter))
 6 FCPATH\index.php(59): CodeIgniter\Boot::bootWeb(Object(Config\Paths))
 7 SYSTEMPATH\rewrite.php(44): require_once('C:\\pos_system\\pos_system\\public\\index.php')
DEBUG - 2025-12-09 17:24:01 --> Session: Class initialized using 'CodeIgniter\Session\Handlers\FileHandler' driver.
CRITICAL - 2025-12-09 17:24:04 --> Error: Class "App\Models\UsuarioModel" not found
[Method: GET, Route: configuracion]
in APPPATH\Controllers\ConfiguracionController.php on line 15.
 1 SYSTEMPATH\CodeIgniter.php(903): App\Controllers\ConfiguracionController->__construct()
 2 SYSTEMPATH\CodeIgniter.php(498): CodeIgniter\CodeIgniter->createController()
 3 SYSTEMPATH\CodeIgniter.php(354): CodeIgniter\CodeIgniter->handleRequest(null, Object(Config\Cache), false)
 4 SYSTEMPATH\Boot.php(363): CodeIgniter\CodeIgniter->run()
 5 SYSTEMPATH\Boot.php(68): CodeIgniter\Boot::runCodeIgniter(Object(CodeIgniter\CodeIgniter))
 6 FCPATH\index.php(59): CodeIgniter\Boot::bootWeb(Object(Config\Paths))
 7 SYSTEMPATH\rewrite.php(44): require_once('C:\\pos_system\\pos_system\\public\\index.php')
CRITICAL - 2025-12-09 17:24:19 --> Error: Class "App\Models\UsuarioModel" not found
[Method: GET, Route: configuracion]
in APPPATH\Controllers\ConfiguracionController.php on line 15.
 1 SYSTEMPATH\CodeIgniter.php(903): App\Controllers\ConfiguracionController->__construct()
 2 SYSTEMPATH\CodeIgniter.php(498): CodeIgniter\CodeIgniter->createController()
 3 SYSTEMPATH\CodeIgniter.php(354): CodeIgniter\CodeIgniter->handleRequest(null, Object(Config\Cache), false)
 4 SYSTEMPATH\Boot.php(363): CodeIgniter\CodeIgniter->run()
 5 SYSTEMPATH\Boot.php(68): CodeIgniter\Boot::runCodeIgniter(Object(CodeIgniter\CodeIgniter))
 6 FCPATH\index.php(59): CodeIgniter\Boot::bootWeb(Object(Config\Paths))
 7 SYSTEMPATH\rewrite.php(44): require_once('C:\\pos_system\\pos_system\\public\\index.php')
CRITICAL - 2025-12-09 17:24:20 --> Error: Class "App\Models\UsuarioModel" not found
[Method: GET, Route: configuracion]
in APPPATH\Controllers\ConfiguracionController.php on line 15.
 1 SYSTEMPATH\CodeIgniter.php(903): App\Controllers\ConfiguracionController->__construct()
 2 SYSTEMPATH\CodeIgniter.php(498): CodeIgniter\CodeIgniter->createController()
 3 SYSTEMPATH\CodeIgniter.php(354): CodeIgniter\CodeIgniter->handleRequest(null, Object(Config\Cache), false)
 4 SYSTEMPATH\Boot.php(363): CodeIgniter\CodeIgniter->run()
 5 SYSTEMPATH\Boot.php(68): CodeIgniter\Boot::runCodeIgniter(Object(CodeIgniter\CodeIgniter))
 6 FCPATH\index.php(59): CodeIgniter\Boot::bootWeb(Object(Config\Paths))
 7 SYSTEMPATH\rewrite.php(44): require_once('C:\\pos_system\\pos_system\\public\\index.php')
CRITICAL - 2025-12-09 17:24:31 --> Error: Class "App\Models\UsuarioModel" not found
[Method: GET, Route: configuracion]
in APPPATH\Controllers\ConfiguracionController.php on line 15.
 1 SYSTEMPATH\CodeIgniter.php(903): App\Controllers\ConfiguracionController->__construct()
 2 SYSTEMPATH\CodeIgniter.php(498): CodeIgniter\CodeIgniter->createController()
 3 SYSTEMPATH\CodeIgniter.php(354): CodeIgniter\CodeIgniter->handleRequest(null, Object(Config\Cache), false)
 4 SYSTEMPATH\Boot.php(363): CodeIgniter\CodeIgniter->run()
 5 SYSTEMPATH\Boot.php(68): CodeIgniter\Boot::runCodeIgniter(Object(CodeIgniter\CodeIgniter))
 6 FCPATH\index.php(59): CodeIgniter\Boot::bootWeb(Object(Config\Paths))
 7 SYSTEMPATH\rewrite.php(44): require_once('C:\\pos_system\\pos_system\\public\\index.php')
DEBUG - 2025-12-09 17:24:38 --> Session: Class initialized using 'CodeIgniter\Session\Handlers\FileHandler' driver.
DEBUG - 2025-12-09 17:24:46 --> Session: Class initialized using 'CodeIgniter\Session\Handlers\FileHandler' driver.
DEBUG - 2025-12-09 17:24:46 --> Session: Class initialized using 'CodeIgniter\Session\Handlers\FileHandler' driver.
CRITICAL - 2025-12-09 17:24:49 --> Error: Class "App\Models\UsuarioModel" not found
[Method: GET, Route: configuracion]
in APPPATH\Controllers\ConfiguracionController.php on line 15.
 1 SYSTEMPATH\CodeIgniter.php(903): App\Controllers\ConfiguracionController->__construct()
 2 SYSTEMPATH\CodeIgniter.php(498): CodeIgniter\CodeIgniter->createController()
 3 SYSTEMPATH\CodeIgniter.php(354): CodeIgniter\CodeIgniter->handleRequest(null, Object(Config\Cache), false)
 4 SYSTEMPATH\Boot.php(363): CodeIgniter\CodeIgniter->run()
 5 SYSTEMPATH\Boot.php(68): CodeIgniter\Boot::runCodeIgniter(Object(CodeIgniter\CodeIgniter))
 6 FCPATH\index.php(59): CodeIgniter\Boot::bootWeb(Object(Config\Paths))
 7 SYSTEMPATH\rewrite.php(44): require_once('C:\\pos_system\\pos_system\\public\\index.php')
CRITICAL - 2025-12-09 17:25:03 --> Error: Class "App\Controllers\UsuariosModel" not found
[Method: GET, Route: configuracion]
in APPPATH\Controllers\ConfiguracionController.php on line 15.
 1 SYSTEMPATH\CodeIgniter.php(903): App\Controllers\ConfiguracionController->__construct()
 2 SYSTEMPATH\CodeIgniter.php(498): CodeIgniter\CodeIgniter->createController()
 3 SYSTEMPATH\CodeIgniter.php(354): CodeIgniter\CodeIgniter->handleRequest(null, Object(Config\Cache), false)
 4 SYSTEMPATH\Boot.php(363): CodeIgniter\CodeIgniter->run()
 5 SYSTEMPATH\Boot.php(68): CodeIgniter\Boot::runCodeIgniter(Object(CodeIgniter\CodeIgniter))
 6 FCPATH\index.php(59): CodeIgniter\Boot::bootWeb(Object(Config\Paths))
 7 SYSTEMPATH\rewrite.php(44): require_once('C:\\pos_system\\pos_system\\public\\index.php')
CRITICAL - 2025-12-09 17:25:08 --> Error: Class "App\Controllers\UsuariosModel" not found
[Method: GET, Route: configuracion]
in APPPATH\Controllers\ConfiguracionController.php on line 15.
 1 SYSTEMPATH\CodeIgniter.php(903): App\Controllers\ConfiguracionController->__construct()
 2 SYSTEMPATH\CodeIgniter.php(498): CodeIgniter\CodeIgniter->createController()
 3 SYSTEMPATH\CodeIgniter.php(354): CodeIgniter\CodeIgniter->handleRequest(null, Object(Config\Cache), false)
 4 SYSTEMPATH\Boot.php(363): CodeIgniter\CodeIgniter->run()
 5 SYSTEMPATH\Boot.php(68): CodeIgniter\Boot::runCodeIgniter(Object(CodeIgniter\CodeIgniter))
 6 FCPATH\index.php(59): CodeIgniter\Boot::bootWeb(Object(Config\Paths))
 7 SYSTEMPATH\rewrite.php(44): require_once('C:\\pos_system\\pos_system\\public\\index.php')
CRITICAL - 2025-12-09 17:25:09 --> Error: Class "App\Controllers\UsuariosModel" not found
[Method: GET, Route: configuracion]
in APPPATH\Controllers\ConfiguracionController.php on line 15.
 1 SYSTEMPATH\CodeIgniter.php(903): App\Controllers\ConfiguracionController->__construct()
 2 SYSTEMPATH\CodeIgniter.php(498): CodeIgniter\CodeIgniter->createController()
 3 SYSTEMPATH\CodeIgniter.php(354): CodeIgniter\CodeIgniter->handleRequest(null, Object(Config\Cache), false)
 4 SYSTEMPATH\Boot.php(363): CodeIgniter\CodeIgniter->run()
 5 SYSTEMPATH\Boot.php(68): CodeIgniter\Boot::runCodeIgniter(Object(CodeIgniter\CodeIgniter))
 6 FCPATH\index.php(59): CodeIgniter\Boot::bootWeb(Object(Config\Paths))
 7 SYSTEMPATH\rewrite.php(44): require_once('C:\\pos_system\\pos_system\\public\\index.php')
CRITICAL - 2025-12-09 17:25:45 --> Error: Class "App\Models\UsuarioModel" not found
[Method: GET, Route: configuracion]
in APPPATH\Controllers\ConfiguracionController.php on line 15.
 1 SYSTEMPATH\CodeIgniter.php(903): App\Controllers\ConfiguracionController->__construct()
 2 SYSTEMPATH\CodeIgniter.php(498): CodeIgniter\CodeIgniter->createController()
 3 SYSTEMPATH\CodeIgniter.php(354): CodeIgniter\CodeIgniter->handleRequest(null, Object(Config\Cache), false)
 4 SYSTEMPATH\Boot.php(363): CodeIgniter\CodeIgniter->run()
 5 SYSTEMPATH\Boot.php(68): CodeIgniter\Boot::runCodeIgniter(Object(CodeIgniter\CodeIgniter))
 6 FCPATH\index.php(59): CodeIgniter\Boot::bootWeb(Object(Config\Paths))
 7 SYSTEMPATH\rewrite.php(44): require_once('C:\\pos_system\\pos_system\\public\\index.php')
DEBUG - 2025-12-09 17:26:25 --> Session: Class initialized using 'CodeIgniter\Session\Handlers\FileHandler' driver.
DEBUG - 2025-12-09 17:26:33 --> Session: Class initialized using 'CodeIgniter\Session\Handlers\FileHandler' driver.
DEBUG - 2025-12-09 17:26:33 --> Datos para crear usuario: Array
(
    [nombre] => Mario
    [email] => l20590634@sjuanrio.tecnm.mx
    [password] => 12345678
    [rol] => vendedor
)

DEBUG - 2025-12-09 17:26:33 --> Datos a insertar en usuario: Array
(
    [nombre] => Mario
    [email] => l20590634@sjuanrio.tecnm.mx
    [password] => $2y$10$FAaGYGFWFhIz1fxFBvluVuWBSfnfUUtd0.9VA18JcDXapDqjGnpZ.
    [rol] => vendedor
    [activo] => 1
)

ERROR - 2025-12-09 17:26:33 --> mysqli_sql_exception: Table 'pos_system.usuario' doesn't exist in C:\pos_system\pos_system\system\Database\MySQLi\Connection.php:327
Stack trace:
#0 C:\pos_system\pos_system\system\Database\MySQLi\Connection.php(327): mysqli->query('SELECT 1\nFROM `...', 0)
#1 C:\pos_system\pos_system\system\Database\BaseConnection.php(729): CodeIgniter\Database\MySQLi\Connection->execute('SELECT 1\nFROM `...')
#2 C:\pos_system\pos_system\system\Database\BaseConnection.php(646): CodeIgniter\Database\BaseConnection->simpleQuery('SELECT 1\nFROM `...')
#3 C:\pos_system\pos_system\system\Database\BaseBuilder.php(1649): CodeIgniter\Database\BaseConnection->query('SELECT 1\nFROM `...', Array, false)
#4 C:\pos_system\pos_system\system\Validation\Rules.php(175): CodeIgniter\Database\BaseBuilder->get()
#5 C:\pos_system\pos_system\system\Validation\StrictRules\Rules.php(187): CodeIgniter\Validation\Rules->is_unique('l20590634@sjuan...', 'usuario.email', Array)
#6 C:\pos_system\pos_system\system\Validation\Validation.php(336): CodeIgniter\Validation\StrictRules\Rules->is_unique('l20590634@sjuan...', 'usuario.email', Array, NULL, 'email')
#7 C:\pos_system\pos_system\system\Validation\Validation.php(201): CodeIgniter\Validation\Validation->processRules('email', 'email', 'l20590634@sjuan...', Array, Array, 'email')
#8 C:\pos_system\pos_system\system\BaseModel.php(1570): CodeIgniter\Validation\Validation->run(Array, NULL, NULL)
#9 C:\pos_system\pos_system\system\BaseModel.php(807): CodeIgniter\BaseModel->validate(Array)
#10 C:\pos_system\pos_system\system\Model.php(797): CodeIgniter\BaseModel->insert(Array, true)
#11 C:\pos_system\pos_system\app\Controllers\ConfiguracionController.php(103): CodeIgniter\Model->insert(Array)
#12 C:\pos_system\pos_system\system\CodeIgniter.php(933): App\Controllers\ConfiguracionController->crearUsuario()
#13 C:\pos_system\pos_system\system\CodeIgniter.php(507): CodeIgniter\CodeIgniter->runController(Object(App\Controllers\ConfiguracionController))
#14 C:\pos_system\pos_system\system\CodeIgniter.php(354): CodeIgniter\CodeIgniter->handleRequest(NULL, Object(Config\Cache), false)
#15 C:\pos_system\pos_system\system\Boot.php(363): CodeIgniter\CodeIgniter->run()
#16 C:\pos_system\pos_system\system\Boot.php(68): CodeIgniter\Boot::runCodeIgniter(Object(CodeIgniter\CodeIgniter))
#17 C:\pos_system\pos_system\public\index.php(59): CodeIgniter\Boot::bootWeb(Object(Config\Paths))
#18 C:\pos_system\pos_system\system\rewrite.php(44): require_once('C:\\pos_system\\p...')
#19 {main}
ERROR - 2025-12-09 17:26:33 --> Excepción al crear usuario: Table 'pos_system.usuario' doesn't exist
DEBUG - 2025-12-09 17:26:34 --> Session: Class initialized using 'CodeIgniter\Session\Handlers\FileHandler' driver.
DEBUG - 2025-12-09 17:27:19 --> Session: Class initialized using 'CodeIgniter\Session\Handlers\FileHandler' driver.
ERROR - 2025-12-09 17:27:19 --> mysqli_sql_exception: Table 'pos_system.usuarios' doesn't exist in C:\pos_system\pos_system\system\Database\MySQLi\Connection.php:327
Stack trace:
#0 C:\pos_system\pos_system\system\Database\MySQLi\Connection.php(327): mysqli->query('SELECT *\nFROM `...', 0)
#1 C:\pos_system\pos_system\system\Database\BaseConnection.php(729): CodeIgniter\Database\MySQLi\Connection->execute('SELECT *\nFROM `...')
#2 C:\pos_system\pos_system\system\Database\BaseConnection.php(646): CodeIgniter\Database\BaseConnection->simpleQuery('SELECT *\nFROM `...')
#3 C:\pos_system\pos_system\system\Database\BaseBuilder.php(1649): CodeIgniter\Database\BaseConnection->query('SELECT *\nFROM `...', Array, false)
#4 C:\pos_system\pos_system\system\Model.php(286): CodeIgniter\Database\BaseBuilder->get()
#5 C:\pos_system\pos_system\system\BaseModel.php(677): CodeIgniter\Model->doFindAll(0, 0)
#6 C:\pos_system\pos_system\app\Controllers\ConfiguracionController.php(23): CodeIgniter\BaseModel->findAll()
#7 C:\pos_system\pos_system\system\CodeIgniter.php(933): App\Controllers\ConfiguracionController->index()
#8 C:\pos_system\pos_system\system\CodeIgniter.php(507): CodeIgniter\CodeIgniter->runController(Object(App\Controllers\ConfiguracionController))
#9 C:\pos_system\pos_system\system\CodeIgniter.php(354): CodeIgniter\CodeIgniter->handleRequest(NULL, Object(Config\Cache), false)
#10 C:\pos_system\pos_system\system\Boot.php(363): CodeIgniter\CodeIgniter->run()
#11 C:\pos_system\pos_system\system\Boot.php(68): CodeIgniter\Boot::runCodeIgniter(Object(CodeIgniter\CodeIgniter))
#12 C:\pos_system\pos_system\public\index.php(59): CodeIgniter\Boot::bootWeb(Object(Config\Paths))
#13 C:\pos_system\pos_system\system\rewrite.php(44): require_once('C:\\pos_system\\p...')
#14 {main}
CRITICAL - 2025-12-09 17:27:19 --> CodeIgniter\Database\Exceptions\DatabaseException: Table 'pos_system.usuarios' doesn't exist
[Method: GET, Route: configuracion]
in SYSTEMPATH\Database\BaseConnection.php on line 684.
 1 SYSTEMPATH\Database\BaseBuilder.php(1649): CodeIgniter\Database\BaseConnection->query('SELECT *
FROM `usuarios`', [], false)
 2 SYSTEMPATH\Model.php(286): CodeIgniter\Database\BaseBuilder->get()
 3 SYSTEMPATH\BaseModel.php(677): CodeIgniter\Model->doFindAll(0, 0)
 4 APPPATH\Controllers\ConfiguracionController.php(23): CodeIgniter\BaseModel->findAll()
 5 SYSTEMPATH\CodeIgniter.php(933): App\Controllers\ConfiguracionController->index()
 6 SYSTEMPATH\CodeIgniter.php(507): CodeIgniter\CodeIgniter->runController(Object(App\Controllers\ConfiguracionController))
 7 SYSTEMPATH\CodeIgniter.php(354): CodeIgniter\CodeIgniter->handleRequest(null, Object(Config\Cache), false)
 8 SYSTEMPATH\Boot.php(363): CodeIgniter\CodeIgniter->run()
 9 SYSTEMPATH\Boot.php(68): CodeIgniter\Boot::runCodeIgniter(Object(CodeIgniter\CodeIgniter))
10 FCPATH\index.php(59): CodeIgniter\Boot::bootWeb(Object(Config\Paths))
11 SYSTEMPATH\rewrite.php(44): require_once('C:\\pos_system\\pos_system\\public\\index.php')
CRITICAL - 2025-12-09 17:27:19 --> [Caused by] CodeIgniter\Database\Exceptions\DatabaseException: Table 'pos_system.usuarios' doesn't exist
in SYSTEMPATH\Database\MySQLi\Connection.php on line 332.
 1 SYSTEMPATH\Database\BaseConnection.php(729): CodeIgniter\Database\MySQLi\Connection->execute('SELECT *
FROM `usuarios`')
 2 SYSTEMPATH\Database\BaseConnection.php(646): CodeIgniter\Database\BaseConnection->simpleQuery('SELECT *
FROM `usuarios`')
 3 SYSTEMPATH\Database\BaseBuilder.php(1649): CodeIgniter\Database\BaseConnection->query('SELECT *
FROM `usuarios`', [], false)
 4 SYSTEMPATH\Model.php(286): CodeIgniter\Database\BaseBuilder->get()
 5 SYSTEMPATH\BaseModel.php(677): CodeIgniter\Model->doFindAll(0, 0)
 6 APPPATH\Controllers\ConfiguracionController.php(23): CodeIgniter\BaseModel->findAll()
 7 SYSTEMPATH\CodeIgniter.php(933): App\Controllers\ConfiguracionController->index()
 8 SYSTEMPATH\CodeIgniter.php(507): CodeIgniter\CodeIgniter->runController(Object(App\Controllers\ConfiguracionController))
 9 SYSTEMPATH\CodeIgniter.php(354): CodeIgniter\CodeIgniter->handleRequest(null, Object(Config\Cache), false)
10 SYSTEMPATH\Boot.php(363): CodeIgniter\CodeIgniter->run()
11 SYSTEMPATH\Boot.php(68): CodeIgniter\Boot::runCodeIgniter(Object(CodeIgniter\CodeIgniter))
12 FCPATH\index.php(59): CodeIgniter\Boot::bootWeb(Object(Config\Paths))
13 SYSTEMPATH\rewrite.php(44): require_once('C:\\pos_system\\pos_system\\public\\index.php')
CRITICAL - 2025-12-09 17:27:19 --> [Caused by] mysqli_sql_exception: Table 'pos_system.usuarios' doesn't exist
in SYSTEMPATH\Database\MySQLi\Connection.php on line 327.
 1 SYSTEMPATH\Database\MySQLi\Connection.php(327): mysqli->query('SELECT *
FROM `usuarios`', 0)
 2 SYSTEMPATH\Database\BaseConnection.php(729): CodeIgniter\Database\MySQLi\Connection->execute('SELECT *
FROM `usuarios`')
 3 SYSTEMPATH\Database\BaseConnection.php(646): CodeIgniter\Database\BaseConnection->simpleQuery('SELECT *
FROM `usuarios`')
 4 SYSTEMPATH\Database\BaseBuilder.php(1649): CodeIgniter\Database\BaseConnection->query('SELECT *
FROM `usuarios`', [], false)
 5 SYSTEMPATH\Model.php(286): CodeIgniter\Database\BaseBuilder->get()
 6 SYSTEMPATH\BaseModel.php(677): CodeIgniter\Model->doFindAll(0, 0)
 7 APPPATH\Controllers\ConfiguracionController.php(23): CodeIgniter\BaseModel->findAll()
 8 SYSTEMPATH\CodeIgniter.php(933): App\Controllers\ConfiguracionController->index()
 9 SYSTEMPATH\CodeIgniter.php(507): CodeIgniter\CodeIgniter->runController(Object(App\Controllers\ConfiguracionController))
10 SYSTEMPATH\CodeIgniter.php(354): CodeIgniter\CodeIgniter->handleRequest(null, Object(Config\Cache), false)
11 SYSTEMPATH\Boot.php(363): CodeIgniter\CodeIgniter->run()
12 SYSTEMPATH\Boot.php(68): CodeIgniter\Boot::runCodeIgniter(Object(CodeIgniter\CodeIgniter))
13 FCPATH\index.php(59): CodeIgniter\Boot::bootWeb(Object(Config\Paths))
14 SYSTEMPATH\rewrite.php(44): require_once('C:\\pos_system\\pos_system\\public\\index.php')
DEBUG - 2025-12-09 17:27:40 --> Session: Class initialized using 'CodeIgniter\Session\Handlers\FileHandler' driver.
DEBUG - 2025-12-09 17:27:48 --> Session: Class initialized using 'CodeIgniter\Session\Handlers\FileHandler' driver.
DEBUG - 2025-12-09 17:27:48 --> Datos para crear usuario: Array
(
    [nombre] => Mario
    [email] => l20590634@sjuanrio.tecnm.mx
    [password] => 12345678
    [rol] => vendedor
)

DEBUG - 2025-12-09 17:27:49 --> Datos a insertar en usuario: Array
(
    [nombre] => Mario
    [email] => l20590634@sjuanrio.tecnm.mx
    [password] => $2y$10$ezDixpTyNI7zj17ntbfh6e9XcNr33RAhDMvUCZvWi2oeKtSMLjZwi
    [rol] => vendedor
    [activo] => 1
)

ERROR - 2025-12-09 17:27:49 --> mysqli_sql_exception: Unknown column 'fecha_creacion' in 'field list' in C:\pos_system\pos_system\system\Database\MySQLi\Connection.php:327
Stack trace:
#0 C:\pos_system\pos_system\system\Database\MySQLi\Connection.php(327): mysqli->query('INSERT INTO `us...', 0)
#1 C:\pos_system\pos_system\system\Database\BaseConnection.php(729): CodeIgniter\Database\MySQLi\Connection->execute('INSERT INTO `us...')
#2 C:\pos_system\pos_system\system\Database\BaseConnection.php(646): CodeIgniter\Database\BaseConnection->simpleQuery('INSERT INTO `us...')
#3 C:\pos_system\pos_system\system\Database\BaseBuilder.php(2345): CodeIgniter\Database\BaseConnection->query('INSERT INTO `us...', Array, false)
#4 C:\pos_system\pos_system\system\Model.php(394): CodeIgniter\Database\BaseBuilder->insert()
#5 C:\pos_system\pos_system\system\BaseModel.php(838): CodeIgniter\Model->doInsert(Array)
#6 C:\pos_system\pos_system\system\Model.php(797): CodeIgniter\BaseModel->insert(Array, true)
#7 C:\pos_system\pos_system\app\Controllers\ConfiguracionController.php(103): CodeIgniter\Model->insert(Array)
#8 C:\pos_system\pos_system\system\CodeIgniter.php(933): App\Controllers\ConfiguracionController->crearUsuario()
#9 C:\pos_system\pos_system\system\CodeIgniter.php(507): CodeIgniter\CodeIgniter->runController(Object(App\Controllers\ConfiguracionController))
#10 C:\pos_system\pos_system\system\CodeIgniter.php(354): CodeIgniter\CodeIgniter->handleRequest(NULL, Object(Config\Cache), false)
#11 C:\pos_system\pos_system\system\Boot.php(363): CodeIgniter\CodeIgniter->run()
#12 C:\pos_system\pos_system\system\Boot.php(68): CodeIgniter\Boot::runCodeIgniter(Object(CodeIgniter\CodeIgniter))
#13 C:\pos_system\pos_system\public\index.php(59): CodeIgniter\Boot::bootWeb(Object(Config\Paths))
#14 C:\pos_system\pos_system\system\rewrite.php(44): require_once('C:\\pos_system\\p...')
#15 {main}
ERROR - 2025-12-09 17:27:49 --> Excepción al crear usuario: Unknown column 'fecha_creacion' in 'field list'
DEBUG - 2025-12-09 17:27:50 --> Session: Class initialized using 'CodeIgniter\Session\Handlers\FileHandler' driver.
DEBUG - 2025-12-09 17:29:22 --> Session: Class initialized using 'CodeIgniter\Session\Handlers\FileHandler' driver.
DEBUG - 2025-12-09 17:29:30 --> Session: Class initialized using 'CodeIgniter\Session\Handlers\FileHandler' driver.
DEBUG - 2025-12-09 17:29:30 --> Datos para crear usuario: Array
(
    [nombre] => Mario
    [email] => l20590634@sjuanrio.tecnm.mx
    [password] => 12345678
    [rol] => vendedor
)

DEBUG - 2025-12-09 17:29:30 --> Datos a insertar en usuario: Array
(
    [nombre] => Mario
    [email] => l20590634@sjuanrio.tecnm.mx
    [password] => $2y$10$0dKnDm5d6ynx.N7YlsQNJu7W888QhvUq1G/yco0qYk5q16aSe0yUa
    [rol] => vendedor
    [activo] => 1
)

INFO - 2025-12-09 17:29:31 --> Usuario creado con ID: 3
DEBUG - 2025-12-09 17:29:31 --> Session: Class initialized using 'CodeIgniter\Session\Handlers\FileHandler' driver.
DEBUG - 2025-12-09 18:21:54 --> Session: Class initialized using 'CodeIgniter\Session\Handlers\FileHandler' driver.
DEBUG - 2025-12-09 18:21:54 --> Session: Class initialized using 'CodeIgniter\Session\Handlers\FileHandler' driver.
DEBUG - 2025-12-09 18:21:57 --> Session: Class initialized using 'CodeIgniter\Session\Handlers\FileHandler' driver.
DEBUG - 2025-12-09 18:23:51 --> Session: Class initialized using 'CodeIgniter\Session\Handlers\FileHandler' driver.
DEBUG - 2025-12-09 18:23:51 --> Session: Class initialized using 'CodeIgniter\Session\Handlers\FileHandler' driver.
DEBUG - 2025-12-09 18:23:53 --> Session: Class initialized using 'CodeIgniter\Session\Handlers\FileHandler' driver.
DEBUG - 2025-12-09 18:23:54 --> Session: Class initialized using 'CodeIgniter\Session\Handlers\FileHandler' driver.
DEBUG - 2025-12-09 18:24:27 --> Session: Class initialized using 'CodeIgniter\Session\Handlers\FileHandler' driver.
DEBUG - 2025-12-09 18:24:36 --> Session: Class initialized using 'CodeIgniter\Session\Handlers\FileHandler' driver.
DEBUG - 2025-12-09 18:24:36 --> Session: Class initialized using 'CodeIgniter\Session\Handlers\FileHandler' driver.
DEBUG - 2025-12-09 18:24:38 --> Session: Class initialized using 'CodeIgniter\Session\Handlers\FileHandler' driver.
DEBUG - 2025-12-09 18:24:47 --> Session: Class initialized using 'CodeIgniter\Session\Handlers\FileHandler' driver.
DEBUG - 2025-12-09 18:24:47 --> Accediendo a módulo de caja
DEBUG - 2025-12-09 18:24:47 --> Datos para vista: Array
(
    [title] => Caja Registradora - POS System
    [caja_abierta] => Array
        (
            [id] => 4
            [fecha_apertura] => 2025-12-03 01:36:29
            [fecha_cierre] => 
            [monto_inicial] => 10.00
            [monto_final] => 
            [usuario_id] => 1
            [estado] => abierta
            [total_ventas] => 0.00
            [created_at] => 2025-12-03 01:36:29
        )

    [ventas_hoy] => Array
        (
        )

)

DEBUG - 2025-12-09 18:25:28 --> Session: Class initialized using 'CodeIgniter\Session\Handlers\FileHandler' driver.
DEBUG - 2025-12-09 18:25:28 --> Accediendo a módulo de caja
DEBUG - 2025-12-09 18:25:28 --> Datos para vista: Array
(
    [title] => Caja Registradora - POS System
    [caja_abierta] => Array
        (
            [id] => 4
            [fecha_apertura] => 2025-12-03 01:36:29
            [fecha_cierre] => 
            [monto_inicial] => 10.00
            [monto_final] => 
            [usuario_id] => 1
            [estado] => abierta
            [total_ventas] => 0.00
            [created_at] => 2025-12-03 01:36:29
        )

    [ventas_hoy] => Array
        (
        )

)

DEBUG - 2025-12-09 18:25:34 --> Session: Class initialized using 'CodeIgniter\Session\Handlers\FileHandler' driver.
DEBUG - 2025-12-09 18:25:34 --> Session: Class initialized using 'CodeIgniter\Session\Handlers\FileHandler' driver.
DEBUG - 2025-12-09 18:25:36 --> Session: Class initialized using 'CodeIgniter\Session\Handlers\FileHandler' driver.
DEBUG - 2025-12-09 18:25:36 --> Session: Class initialized using 'CodeIgniter\Session\Handlers\FileHandler' driver.
DEBUG - 2025-12-09 18:25:51 --> Session: Class initialized using 'CodeIgniter\Session\Handlers\FileHandler' driver.
DEBUG - 2025-12-09 18:25:55 --> Session: Class initialized using 'CodeIgniter\Session\Handlers\FileHandler' driver.
DEBUG - 2025-12-09 18:25:55 --> Accediendo a módulo de caja
DEBUG - 2025-12-09 18:25:55 --> Datos para vista: Array
(
    [title] => Caja Registradora - POS System
    [caja_abierta] => Array
        (
            [id] => 4
            [fecha_apertura] => 2025-12-03 01:36:29
            [fecha_cierre] => 
            [monto_inicial] => 10.00
            [monto_final] => 
            [usuario_id] => 1
            [estado] => abierta
            [total_ventas] => 0.00
            [created_at] => 2025-12-03 01:36:29
        )

    [ventas_hoy] => Array
        (
        )

)

DEBUG - 2025-12-09 18:25:57 --> Session: Class initialized using 'CodeIgniter\Session\Handlers\FileHandler' driver.
DEBUG - 2025-12-09 18:26:01 --> Session: Class initialized using 'CodeIgniter\Session\Handlers\FileHandler' driver.
DEBUG - 2025-12-09 18:26:02 --> Session: Class initialized using 'CodeIgniter\Session\Handlers\FileHandler' driver.
DEBUG - 2025-12-09 18:26:52 --> Session: Class initialized using 'CodeIgniter\Session\Handlers\FileHandler' driver.
DEBUG - 2025-12-09 18:26:54 --> Session: Class initialized using 'CodeIgniter\Session\Handlers\FileHandler' driver.
DEBUG - 2025-12-09 18:27:09 --> Session: Class initialized using 'CodeIgniter\Session\Handlers\FileHandler' driver.
DEBUG - 2025-12-09 18:27:09 --> Session: Class initialized using 'CodeIgniter\Session\Handlers\FileHandler' driver.
DEBUG - 2025-12-09 18:27:55 --> Session: Class initialized using 'CodeIgniter\Session\Handlers\FileHandler' driver.
DEBUG - 2025-12-09 18:27:55 --> Session: Class initialized using 'CodeIgniter\Session\Handlers\FileHandler' driver.
DEBUG - 2025-12-09 18:28:09 --> Session: Class initialized using 'CodeIgniter\Session\Handlers\FileHandler' driver.
DEBUG - 2025-12-09 18:28:18 --> Session: Class initialized using 'CodeIgniter\Session\Handlers\FileHandler' driver.
DEBUG - 2025-12-09 18:31:15 --> Session: Class initialized using 'CodeIgniter\Session\Handlers\FileHandler' driver.
DEBUG - 2025-12-09 18:31:15 --> Session: Class initialized using 'CodeIgniter\Session\Handlers\FileHandler' driver.
DEBUG - 2025-12-09 18:31:22 --> Session: Class initialized using 'CodeIgniter\Session\Handlers\FileHandler' driver.
DEBUG - 2025-12-09 18:31:22 --> Session: Class initialized using 'CodeIgniter\Session\Handlers\FileHandler' driver.
DEBUG - 2025-12-09 18:31:30 --> Session: Class initialized using 'CodeIgniter\Session\Handlers\FileHandler' driver.
DEBUG - 2025-12-09 18:31:30 --> Session: Class initialized using 'CodeIgniter\Session\Handlers\FileHandler' driver.
DEBUG - 2025-12-09 18:31:55 --> Session: Class initialized using 'CodeIgniter\Session\Handlers\FileHandler' driver.
DEBUG - 2025-12-09 18:31:59 --> Session: Class initialized using 'CodeIgniter\Session\Handlers\FileHandler' driver.
DEBUG - 2025-12-09 18:32:03 --> Session: Class initialized using 'CodeIgniter\Session\Handlers\FileHandler' driver.
DEBUG - 2025-12-09 18:32:03 --> Accediendo a módulo de caja
DEBUG - 2025-12-09 18:32:03 --> Datos para vista: Array
(
    [title] => Caja Registradora - POS System
    [caja_abierta] => Array
        (
            [id] => 4
            [fecha_apertura] => 2025-12-03 01:36:29
            [fecha_cierre] => 
            [monto_inicial] => 10.00
            [monto_final] => 
            [usuario_id] => 1
            [estado] => abierta
            [total_ventas] => 0.00
            [created_at] => 2025-12-03 01:36:29
        )

    [ventas_hoy] => Array
        (
        )

)

DEBUG - 2025-12-09 18:33:04 --> Session: Class initialized using 'CodeIgniter\Session\Handlers\FileHandler' driver.
DEBUG - 2025-12-09 18:33:04 --> Session: Class initialized using 'CodeIgniter\Session\Handlers\FileHandler' driver.
DEBUG - 2025-12-09 18:34:10 --> Session: Class initialized using 'CodeIgniter\Session\Handlers\FileHandler' driver.
DEBUG - 2025-12-09 18:34:51 --> Session: Class initialized using 'CodeIgniter\Session\Handlers\FileHandler' driver.
DEBUG - 2025-12-09 18:34:53 --> Session: Class initialized using 'CodeIgniter\Session\Handlers\FileHandler' driver.
DEBUG - 2025-12-09 18:34:56 --> Session: Class initialized using 'CodeIgniter\Session\Handlers\FileHandler' driver.
DEBUG - 2025-12-09 18:36:18 --> Session: Class initialized using 'CodeIgniter\Session\Handlers\FileHandler' driver.
DEBUG - 2025-12-09 18:36:20 --> Session: Class initialized using 'CodeIgniter\Session\Handlers\FileHandler' driver.
DEBUG - 2025-12-09 18:37:45 --> Session: Class initialized using 'CodeIgniter\Session\Handlers\FileHandler' driver.
DEBUG - 2025-12-09 18:37:45 --> Session: Class initialized using 'CodeIgniter\Session\Handlers\FileHandler' driver.
DEBUG - 2025-12-09 18:39:29 --> Session: Class initialized using 'CodeIgniter\Session\Handlers\FileHandler' driver.
DEBUG - 2025-12-09 18:39:30 --> Session: Class initialized using 'CodeIgniter\Session\Handlers\FileHandler' driver.
DEBUG - 2025-12-09 18:39:32 --> Session: Class initialized using 'CodeIgniter\Session\Handlers\FileHandler' driver.
DEBUG - 2025-12-09 18:39:32 --> Session: Class initialized using 'CodeIgniter\Session\Handlers\FileHandler' driver.
DEBUG - 2025-12-09 18:39:35 --> Session: Class initialized using 'CodeIgniter\Session\Handlers\FileHandler' driver.
DEBUG - 2025-12-09 18:39:36 --> Session: Class initialized using 'CodeIgniter\Session\Handlers\FileHandler' driver.
DEBUG - 2025-12-09 18:39:41 --> Session: Class initialized using 'CodeIgniter\Session\Handlers\FileHandler' driver.
DEBUG - 2025-12-09 18:39:41 --> Session: Class initialized using 'CodeIgniter\Session\Handlers\FileHandler' driver.
DEBUG - 2025-12-09 18:41:51 --> Session: Class initialized using 'CodeIgniter\Session\Handlers\FileHandler' driver.
DEBUG - 2025-12-09 18:41:51 --> Session: Class initialized using 'CodeIgniter\Session\Handlers\FileHandler' driver.
DEBUG - 2025-12-09 18:41:54 --> Session: Class initialized using 'CodeIgniter\Session\Handlers\FileHandler' driver.
DEBUG - 2025-12-09 18:42:00 --> Session: Class initialized using 'CodeIgniter\Session\Handlers\FileHandler' driver.
DEBUG - 2025-12-09 18:42:06 --> Session: Class initialized using 'CodeIgniter\Session\Handlers\FileHandler' driver.
DEBUG - 2025-12-09 18:42:14 --> Session: Class initialized using 'CodeIgniter\Session\Handlers\FileHandler' driver.
DEBUG - 2025-12-09 18:43:16 --> Session: Class initialized using 'CodeIgniter\Session\Handlers\FileHandler' driver.
DEBUG - 2025-12-09 18:43:17 --> Session: Class initialized using 'CodeIgniter\Session\Handlers\FileHandler' driver.
DEBUG - 2025-12-09 18:43:18 --> Session: Class initialized using 'CodeIgniter\Session\Handlers\FileHandler' driver.
DEBUG - 2025-12-09 18:44:07 --> Session: Class initialized using 'CodeIgniter\Session\Handlers\FileHandler' driver.
DEBUG - 2025-12-09 18:44:08 --> Session: Class initialized using 'CodeIgniter\Session\Handlers\FileHandler' driver.
DEBUG - 2025-12-09 18:44:10 --> Session: Class initialized using 'CodeIgniter\Session\Handlers\FileHandler' driver.
DEBUG - 2025-12-09 18:44:11 --> Session: Class initialized using 'CodeIgniter\Session\Handlers\FileHandler' driver.
DEBUG - 2025-12-09 18:44:12 --> Session: Class initialized using 'CodeIgniter\Session\Handlers\FileHandler' driver.
DEBUG - 2025-12-09 18:44:12 --> Session: Class initialized using 'CodeIgniter\Session\Handlers\FileHandler' driver.
DEBUG - 2025-12-09 18:44:15 --> Session: Class initialized using 'CodeIgniter\Session\Handlers\FileHandler' driver.
DEBUG - 2025-12-09 18:44:20 --> Session: Class initialized using 'CodeIgniter\Session\Handlers\FileHandler' driver.
DEBUG - 2025-12-09 18:44:21 --> Session: Class initialized using 'CodeIgniter\Session\Handlers\FileHandler' driver.
DEBUG - 2025-12-09 18:47:27 --> Session: Class initialized using 'CodeIgniter\Session\Handlers\FileHandler' driver.
DEBUG - 2025-12-09 18:47:27 --> Session: Class initialized using 'CodeIgniter\Session\Handlers\FileHandler' driver.
DEBUG - 2025-12-09 18:47:32 --> Session: Class initialized using 'CodeIgniter\Session\Handlers\FileHandler' driver.
DEBUG - 2025-12-09 18:48:16 --> Session: Class initialized using 'CodeIgniter\Session\Handlers\FileHandler' driver.
DEBUG - 2025-12-09 18:48:17 --> Session: Class initialized using 'CodeIgniter\Session\Handlers\FileHandler' driver.
DEBUG - 2025-12-09 18:48:22 --> Session: Class initialized using 'CodeIgniter\Session\Handlers\FileHandler' driver.
DEBUG - 2025-12-09 18:48:23 --> Session: Class initialized using 'CodeIgniter\Session\Handlers\FileHandler' driver.
DEBUG - 2025-12-09 18:48:24 --> Session: Class initialized using 'CodeIgniter\Session\Handlers\FileHandler' driver.
DEBUG - 2025-12-09 18:48:31 --> Session: Class initialized using 'CodeIgniter\Session\Handlers\FileHandler' driver.
DEBUG - 2025-12-09 18:48:58 --> Session: Class initialized using 'CodeIgniter\Session\Handlers\FileHandler' driver.
DEBUG - 2025-12-09 18:48:58 --> Session: Class initialized using 'CodeIgniter\Session\Handlers\FileHandler' driver.
DEBUG - 2025-12-09 18:49:07 --> Session: Class initialized using 'CodeIgniter\Session\Handlers\FileHandler' driver.
DEBUG - 2025-12-09 18:49:07 --> Session: Class initialized using 'CodeIgniter\Session\Handlers\FileHandler' driver.
DEBUG - 2025-12-09 18:49:21 --> Session: Class initialized using 'CodeIgniter\Session\Handlers\FileHandler' driver.
DEBUG - 2025-12-09 18:49:21 --> Session: Class initialized using 'CodeIgniter\Session\Handlers\FileHandler' driver.
DEBUG - 2025-12-09 18:49:28 --> Session: Class initialized using 'CodeIgniter\Session\Handlers\FileHandler' driver.
DEBUG - 2025-12-09 18:49:29 --> Session: Class initialized using 'CodeIgniter\Session\Handlers\FileHandler' driver.
DEBUG - 2025-12-09 18:49:43 --> Session: Class initialized using 'CodeIgniter\Session\Handlers\FileHandler' driver.
DEBUG - 2025-12-09 18:49:50 --> Session: Class initialized using 'CodeIgniter\Session\Handlers\FileHandler' driver.
DEBUG - 2025-12-09 18:49:50 --> Session: Class initialized using 'CodeIgniter\Session\Handlers\FileHandler' driver.
DEBUG - 2025-12-09 18:49:53 --> Session: Class initialized using 'CodeIgniter\Session\Handlers\FileHandler' driver.
DEBUG - 2025-12-09 18:50:26 --> Session: Class initialized using 'CodeIgniter\Session\Handlers\FileHandler' driver.
DEBUG - 2025-12-09 18:50:26 --> Session: Class initialized using 'CodeIgniter\Session\Handlers\FileHandler' driver.
DEBUG - 2025-12-09 18:50:33 --> Session: Class initialized using 'CodeIgniter\Session\Handlers\FileHandler' driver.
DEBUG - 2025-12-09 18:50:33 --> Session: Class initialized using 'CodeIgniter\Session\Handlers\FileHandler' driver.
DEBUG - 2025-12-09 18:54:08 --> Session: Class initialized using 'CodeIgniter\Session\Handlers\FileHandler' driver.
DEBUG - 2025-12-09 18:54:14 --> Session: Class initialized using 'CodeIgniter\Session\Handlers\FileHandler' driver.
DEBUG - 2025-12-09 18:54:19 --> Session: Class initialized using 'CodeIgniter\Session\Handlers\FileHandler' driver.
DEBUG - 2025-12-09 18:54:19 --> Session: Class initialized using 'CodeIgniter\Session\Handlers\FileHandler' driver.
DEBUG - 2025-12-09 18:54:23 --> Session: Class initialized using 'CodeIgniter\Session\Handlers\FileHandler' driver.
DEBUG - 2025-12-09 18:54:23 --> Session: Class initialized using 'CodeIgniter\Session\Handlers\FileHandler' driver.
DEBUG - 2025-12-09 18:54:34 --> Session: Class initialized using 'CodeIgniter\Session\Handlers\FileHandler' driver.
DEBUG - 2025-12-09 18:54:34 --> Session: Class initialized using 'CodeIgniter\Session\Handlers\FileHandler' driver.
DEBUG - 2025-12-09 18:54:40 --> Session: Class initialized using 'CodeIgniter\Session\Handlers\FileHandler' driver.
DEBUG - 2025-12-09 18:54:40 --> Session: Class initialized using 'CodeIgniter\Session\Handlers\FileHandler' driver.
DEBUG - 2025-12-09 18:54:46 --> Session: Class initialized using 'CodeIgniter\Session\Handlers\FileHandler' driver.
DEBUG - 2025-12-09 18:57:09 --> Session: Class initialized using 'CodeIgniter\Session\Handlers\FileHandler' driver.
DEBUG - 2025-12-09 18:57:09 --> Session: Class initialized using 'CodeIgniter\Session\Handlers\FileHandler' driver.
DEBUG - 2025-12-09 18:57:16 --> Session: Class initialized using 'CodeIgniter\Session\Handlers\FileHandler' driver.
DEBUG - 2025-12-09 18:57:16 --> Session: Class initialized using 'CodeIgniter\Session\Handlers\FileHandler' driver.
DEBUG - 2025-12-09 18:58:32 --> Session: Class initialized using 'CodeIgniter\Session\Handlers\FileHandler' driver.
DEBUG - 2025-12-09 18:58:32 --> Session: Class initialized using 'CodeIgniter\Session\Handlers\FileHandler' driver.
DEBUG - 2025-12-09 18:58:37 --> Session: Class initialized using 'CodeIgniter\Session\Handlers\FileHandler' driver.
DEBUG - 2025-12-09 18:58:38 --> Session: Class initialized using 'CodeIgniter\Session\Handlers\FileHandler' driver.
DEBUG - 2025-12-09 19:14:14 --> Session: Class initialized using 'CodeIgniter\Session\Handlers\FileHandler' driver.
DEBUG - 2025-12-09 19:14:15 --> Session: Class initialized using 'CodeIgniter\Session\Handlers\FileHandler' driver.
DEBUG - 2025-12-09 19:14:17 --> Session: Class initialized using 'CodeIgniter\Session\Handlers\FileHandler' driver.
DEBUG - 2025-12-09 19:29:51 --> Session: Class initialized using 'CodeIgniter\Session\Handlers\FileHandler' driver.
DEBUG - 2025-12-09 19:29:52 --> Session: Class initialized using 'CodeIgniter\Session\Handlers\FileHandler' driver.
DEBUG - 2025-12-09 19:29:55 --> Session: Class initialized using 'CodeIgniter\Session\Handlers\FileHandler' driver.
DEBUG - 2025-12-09 19:29:56 --> Session: Class initialized using 'CodeIgniter\Session\Handlers\FileHandler' driver.
DEBUG - 2025-12-09 19:30:07 --> Session: Class initialized using 'CodeIgniter\Session\Handlers\FileHandler' driver.
DEBUG - 2025-12-09 19:31:36 --> Session: Class initialized using 'CodeIgniter\Session\Handlers\FileHandler' driver.
DEBUG - 2025-12-09 19:31:38 --> Session: Class initialized using 'CodeIgniter\Session\Handlers\FileHandler' driver.
DEBUG - 2025-12-09 19:31:41 --> Session: Class initialized using 'CodeIgniter\Session\Handlers\FileHandler' driver.
DEBUG - 2025-12-09 19:32:10 --> Session: Class initialized using 'CodeIgniter\Session\Handlers\FileHandler' driver.
DEBUG - 2025-12-09 19:32:12 --> Session: Class initialized using 'CodeIgniter\Session\Handlers\FileHandler' driver.
DEBUG - 2025-12-09 20:46:50 --> Session: Class initialized using 'CodeIgniter\Session\Handlers\FileHandler' driver.
DEBUG - 2025-12-09 20:46:51 --> Session: Class initialized using 'CodeIgniter\Session\Handlers\FileHandler' driver.
DEBUG - 2025-12-09 20:47:02 --> Session: Class initialized using 'CodeIgniter\Session\Handlers\FileHandler' driver.
DEBUG - 2025-12-09 20:47:04 --> Session: Class initialized using 'CodeIgniter\Session\Handlers\FileHandler' driver.
DEBUG - 2025-12-09 20:47:31 --> Session: Class initialized using 'CodeIgniter\Session\Handlers\FileHandler' driver.
DEBUG - 2025-12-09 20:47:48 --> Session: Class initialized using 'CodeIgniter\Session\Handlers\FileHandler' driver.
DEBUG - 2025-12-09 20:48:09 --> Session: Class initialized using 'CodeIgniter\Session\Handlers\FileHandler' driver.
DEBUG - 2025-12-09 20:48:09 --> Datos para crear usuario: Array
(
    [nombre] => Marco
    [email] => marco@pos.com
    [password] => 12345678
    [rol] => vendedor
)

DEBUG - 2025-12-09 20:48:31 --> Session: Class initialized using 'CodeIgniter\Session\Handlers\FileHandler' driver.
DEBUG - 2025-12-09 20:48:31 --> Datos para crear usuario: Array
(
    [nombre] => Marco
    [email] => marco@pos.com
    [password] => 12345678
    [rol] => vendedor
)

DEBUG - 2025-12-09 20:51:14 --> Session: Class initialized using 'CodeIgniter\Session\Handlers\FileHandler' driver.
DEBUG - 2025-12-09 20:51:14 --> Datos para crear usuario: Array
(
    [nombre] => Marco
    [email] => marco@pos.com
    [password] => 12345678
    [rol] => vendedor
)

DEBUG - 2025-12-09 20:51:15 --> Datos a insertar en usuario: Array
(
    [nombre] => Marco
    [email] => marco@pos.com
    [password] => $2y$10$ZlzrP0G8xAnOgiAtJvASje1jvr7QMvQ5qJ7pIseIsCIsSiOXdZePG
    [rol] => vendedor
    [activo] => 1
)

INFO - 2025-12-09 20:51:15 --> Usuario creado con ID: 4
DEBUG - 2025-12-09 20:51:15 --> Session: Class initialized using 'CodeIgniter\Session\Handlers\FileHandler' driver.
DEBUG - 2025-12-09 20:52:35 --> Session: Class initialized using 'CodeIgniter\Session\Handlers\FileHandler' driver.
DEBUG - 2025-12-09 20:52:35 --> Session: Class initialized using 'CodeIgniter\Session\Handlers\FileHandler' driver.
DEBUG - 2025-12-09 20:52:38 --> Session: Class initialized using 'CodeIgniter\Session\Handlers\FileHandler' driver.
DEBUG - 2025-12-09 20:52:38 --> Session: Class initialized using 'CodeIgniter\Session\Handlers\FileHandler' driver.
DEBUG - 2025-12-09 20:52:41 --> Session: Class initialized using 'CodeIgniter\Session\Handlers\FileHandler' driver.
DEBUG - 2025-12-09 20:52:42 --> Session: Class initialized using 'CodeIgniter\Session\Handlers\FileHandler' driver.
DEBUG - 2025-12-09 20:52:53 --> Session: Class initialized using 'CodeIgniter\Session\Handlers\FileHandler' driver.
DEBUG - 2025-12-09 20:52:53 --> Session: Class initialized using 'CodeIgniter\Session\Handlers\FileHandler' driver.
DEBUG - 2025-12-09 20:53:05 --> Session: Class initialized using 'CodeIgniter\Session\Handlers\FileHandler' driver.
DEBUG - 2025-12-09 20:53:05 --> Session: Class initialized using 'CodeIgniter\Session\Handlers\FileHandler' driver.
DEBUG - 2025-12-09 20:53:06 --> Session: Class initialized using 'CodeIgniter\Session\Handlers\FileHandler' driver.
DEBUG - 2025-12-09 20:53:06 --> Session: Class initialized using 'CodeIgniter\Session\Handlers\FileHandler' driver.
DEBUG - 2025-12-09 20:54:00 --> Session: Class initialized using 'CodeIgniter\Session\Handlers\FileHandler' driver.
DEBUG - 2025-12-09 20:54:04 --> Session: Class initialized using 'CodeIgniter\Session\Handlers\FileHandler' driver.
DEBUG - 2025-12-09 20:55:16 --> Session: Class initialized using 'CodeIgniter\Session\Handlers\FileHandler' driver.
DEBUG - 2025-12-09 20:57:38 --> Session: Class initialized using 'CodeIgniter\Session\Handlers\FileHandler' driver.
DEBUG - 2025-12-09 20:57:45 --> Session: Class initialized using 'CodeIgniter\Session\Handlers\FileHandler' driver.
DEBUG - 2025-12-09 20:58:50 --> Session: Class initialized using 'CodeIgniter\Session\Handlers\FileHandler' driver.
DEBUG - 2025-12-09 20:58:57 --> Session: Class initialized using 'CodeIgniter\Session\Handlers\FileHandler' driver.
DEBUG - 2025-12-09 20:59:53 --> Session: Class initialized using 'CodeIgniter\Session\Handlers\FileHandler' driver.
DEBUG - 2025-12-09 21:00:00 --> Session: Class initialized using 'CodeIgniter\Session\Handlers\FileHandler' driver.
DEBUG - 2025-12-09 21:00:01 --> Session: Class initialized using 'CodeIgniter\Session\Handlers\FileHandler' driver.
DEBUG - 2025-12-09 21:00:22 --> Session: Class initialized using 'CodeIgniter\Session\Handlers\FileHandler' driver.
DEBUG - 2025-12-09 21:00:25 --> Session: Class initialized using 'CodeIgniter\Session\Handlers\FileHandler' driver.
DEBUG - 2025-12-09 21:00:25 --> Session: Class initialized using 'CodeIgniter\Session\Handlers\FileHandler' driver.
DEBUG - 2025-12-09 21:00:27 --> Session: Class initialized using 'CodeIgniter\Session\Handlers\FileHandler' driver.
DEBUG - 2025-12-09 21:00:41 --> Session: Class initialized using 'CodeIgniter\Session\Handlers\FileHandler' driver.
DEBUG - 2025-12-09 21:00:41 --> Datos para crear usuario: Array
(
    [nombre] => Marco
    [email] => marco@pos.com
    [password] => 12345678
    [rol] => vendedor
)

DEBUG - 2025-12-09 21:00:41 --> Datos a insertar en usuario: Array
(
    [nombre] => Marco
    [email] => marco@pos.com
    [password] => $2y$10$nxWb9j4PAhnn6XZgxhjrfOX6.NK2rJOn5pzwg0GKu/828Q/TpcN66
    [rol] => vendedor
    [activo] => 1
)

INFO - 2025-12-09 21:00:41 --> Usuario creado con ID: 5
DEBUG - 2025-12-09 21:00:41 --> Session: Class initialized using 'CodeIgniter\Session\Handlers\FileHandler' driver.
DEBUG - 2025-12-09 21:01:01 --> Session: Class initialized using 'CodeIgniter\Session\Handlers\FileHandler' driver.
DEBUG - 2025-12-09 21:01:01 --> Session: Class initialized using 'CodeIgniter\Session\Handlers\FileHandler' driver.
DEBUG - 2025-12-09 21:01:30 --> Session: Class initialized using 'CodeIgniter\Session\Handlers\FileHandler' driver.
DEBUG - 2025-12-09 21:01:50 --> Session: Class initialized using 'CodeIgniter\Session\Handlers\FileHandler' driver.
DEBUG - 2025-12-09 21:01:57 --> Session: Class initialized using 'CodeIgniter\Session\Handlers\FileHandler' driver.
DEBUG - 2025-12-09 21:05:12 --> Session: Class initialized using 'CodeIgniter\Session\Handlers\FileHandler' driver.
DEBUG - 2025-12-09 21:05:14 --> Session: Class initialized using 'CodeIgniter\Session\Handlers\FileHandler' driver.
DEBUG - 2025-12-09 21:05:22 --> Session: Class initialized using 'CodeIgniter\Session\Handlers\FileHandler' driver.
DEBUG - 2025-12-09 21:06:51 --> Session: Class initialized using 'CodeIgniter\Session\Handlers\FileHandler' driver.
DEBUG - 2025-12-09 21:08:23 --> Session: Class initialized using 'CodeIgniter\Session\Handlers\FileHandler' driver.
DEBUG - 2025-12-09 21:08:24 --> Session: Class initialized using 'CodeIgniter\Session\Handlers\FileHandler' driver.
DEBUG - 2025-12-09 21:08:24 --> Session: Class initialized using 'CodeIgniter\Session\Handlers\FileHandler' driver.
DEBUG - 2025-12-09 21:08:28 --> Session: Class initialized using 'CodeIgniter\Session\Handlers\FileHandler' driver.
DEBUG - 2025-12-09 21:08:28 --> Session: Class initialized using 'CodeIgniter\Session\Handlers\FileHandler' driver.
DEBUG - 2025-12-09 21:08:32 --> Session: Class initialized using 'CodeIgniter\Session\Handlers\FileHandler' driver.
DEBUG - 2025-12-09 21:08:33 --> Session: Class initialized using 'CodeIgniter\Session\Handlers\FileHandler' driver.
DEBUG - 2025-12-09 21:08:43 --> Session: Class initialized using 'CodeIgniter\Session\Handlers\FileHandler' driver.
DEBUG - 2025-12-09 21:08:44 --> Session: Class initialized using 'CodeIgniter\Session\Handlers\FileHandler' driver.
DEBUG - 2025-12-09 21:16:58 --> Session: Class initialized using 'CodeIgniter\Session\Handlers\FileHandler' driver.
DEBUG - 2025-12-09 21:16:59 --> Session: Class initialized using 'CodeIgniter\Session\Handlers\FileHandler' driver.
DEBUG - 2025-12-09 21:17:00 --> Session: Class initialized using 'CodeIgniter\Session\Handlers\FileHandler' driver.
DEBUG - 2025-12-09 21:17:02 --> Session: Class initialized using 'CodeIgniter\Session\Handlers\FileHandler' driver.
DEBUG - 2025-12-09 21:17:02 --> Session: Class initialized using 'CodeIgniter\Session\Handlers\FileHandler' driver.
DEBUG - 2025-12-09 21:17:21 --> Session: Class initialized using 'CodeIgniter\Session\Handlers\FileHandler' driver.
DEBUG - 2025-12-09 21:17:21 --> Password ingresada: 12345678
DEBUG - 2025-12-09 21:17:21 --> Hash en DB: $2y$2y$10$8fqYxtk6p2RvSvpZ2JpuE.0YVWXdAeer1YyxyjGqOdgUNPUfF29rO
DEBUG - 2025-12-09 21:17:21 --> Verificación: false
DEBUG - 2025-12-09 21:17:21 --> Session: Class initialized using 'CodeIgniter\Session\Handlers\FileHandler' driver.
DEBUG - 2025-12-09 21:17:43 --> Session: Class initialized using 'CodeIgniter\Session\Handlers\FileHandler' driver.
DEBUG - 2025-12-09 21:17:46 --> Session: Class initialized using 'CodeIgniter\Session\Handlers\FileHandler' driver.
DEBUG - 2025-12-09 21:17:46 --> Password ingresada: 12345678
DEBUG - 2025-12-09 21:17:46 --> Hash en DB: $2y$2y$10$8fqYxtk6p2RvSvpZ2JpuE.0YVWXdAeer1YyxyjGqOdgUNPUfF29rO
DEBUG - 2025-12-09 21:17:46 --> Verificación: false
DEBUG - 2025-12-09 21:17:46 --> Session: Class initialized using 'CodeIgniter\Session\Handlers\FileHandler' driver.
DEBUG - 2025-12-09 21:17:52 --> Session: Class initialized using 'CodeIgniter\Session\Handlers\FileHandler' driver.
DEBUG - 2025-12-09 21:17:52 --> Password ingresada: 12345678
DEBUG - 2025-12-09 21:17:52 --> Hash en DB: $2y$2y$10$8fqYxtk6p2RvSvpZ2JpuE.0YVWXdAeer1YyxyjGqOdgUNPUfF29rO
DEBUG - 2025-12-09 21:17:52 --> Verificación: false
DEBUG - 2025-12-09 21:17:53 --> Session: Class initialized using 'CodeIgniter\Session\Handlers\FileHandler' driver.
DEBUG - 2025-12-09 21:18:48 --> Session: Class initialized using 'CodeIgniter\Session\Handlers\FileHandler' driver.
DEBUG - 2025-12-09 21:18:50 --> Session: Class initialized using 'CodeIgniter\Session\Handlers\FileHandler' driver.
DEBUG - 2025-12-09 21:18:51 --> Session: Class initialized using 'CodeIgniter\Session\Handlers\FileHandler' driver.
DEBUG - 2025-12-09 21:20:01 --> Session: Class initialized using 'CodeIgniter\Session\Handlers\FileHandler' driver.
DEBUG - 2025-12-09 21:20:04 --> Session: Class initialized using 'CodeIgniter\Session\Handlers\FileHandler' driver.
DEBUG - 2025-12-09 21:20:04 --> Session: Class initialized using 'CodeIgniter\Session\Handlers\FileHandler' driver.
DEBUG - 2025-12-09 21:23:00 --> Session: Class initialized using 'CodeIgniter\Session\Handlers\FileHandler' driver.
DEBUG - 2025-12-09 21:23:00 --> Session: Class initialized using 'CodeIgniter\Session\Handlers\FileHandler' driver.
DEBUG - 2025-12-09 21:23:03 --> Session: Class initialized using 'CodeIgniter\Session\Handlers\FileHandler' driver.
DEBUG - 2025-12-09 21:23:03 --> Session: Class initialized using 'CodeIgniter\Session\Handlers\FileHandler' driver.
DEBUG - 2025-12-09 21:23:04 --> Session: Class initialized using 'CodeIgniter\Session\Handlers\FileHandler' driver.
DEBUG - 2025-12-09 21:23:04 --> Session: Class initialized using 'CodeIgniter\Session\Handlers\FileHandler' driver.
DEBUG - 2025-12-09 21:24:17 --> Session: Class initialized using 'CodeIgniter\Session\Handlers\FileHandler' driver.
DEBUG - 2025-12-09 21:24:20 --> Session: Class initialized using 'CodeIgniter\Session\Handlers\FileHandler' driver.
DEBUG - 2025-12-09 21:24:29 --> Session: Class initialized using 'CodeIgniter\Session\Handlers\FileHandler' driver.
DEBUG - 2025-12-09 21:24:30 --> Session: Class initialized using 'CodeIgniter\Session\Handlers\FileHandler' driver.
DEBUG - 2025-12-09 21:25:59 --> Session: Class initialized using 'CodeIgniter\Session\Handlers\FileHandler' driver.
DEBUG - 2025-12-09 21:25:59 --> Session: Class initialized using 'CodeIgniter\Session\Handlers\FileHandler' driver.
DEBUG - 2025-12-09 21:26:02 --> Session: Class initialized using 'CodeIgniter\Session\Handlers\FileHandler' driver.
DEBUG - 2025-12-09 21:26:02 --> Session: Class initialized using 'CodeIgniter\Session\Handlers\FileHandler' driver.
DEBUG - 2025-12-09 21:27:20 --> Session: Class initialized using 'CodeIgniter\Session\Handlers\FileHandler' driver.
DEBUG - 2025-12-09 21:27:26 --> Session: Class initialized using 'CodeIgniter\Session\Handlers\FileHandler' driver.
DEBUG - 2025-12-09 21:27:26 --> Session: Class initialized using 'CodeIgniter\Session\Handlers\FileHandler' driver.
DEBUG - 2025-12-09 21:27:44 --> Session: Class initialized using 'CodeIgniter\Session\Handlers\FileHandler' driver.
DEBUG - 2025-12-09 21:27:45 --> Session: Class initialized using 'CodeIgniter\Session\Handlers\FileHandler' driver.
DEBUG - 2025-12-09 21:27:47 --> Session: Class initialized using 'CodeIgniter\Session\Handlers\FileHandler' driver.
DEBUG - 2025-12-09 21:27:47 --> Session: Class initialized using 'CodeIgniter\Session\Handlers\FileHandler' driver.
DEBUG - 2025-12-09 21:27:49 --> Session: Class initialized using 'CodeIgniter\Session\Handlers\FileHandler' driver.
DEBUG - 2025-12-09 21:28:10 --> Session: Class initialized using 'CodeIgniter\Session\Handlers\FileHandler' driver.
DEBUG - 2025-12-09 21:28:22 --> Session: Class initialized using 'CodeIgniter\Session\Handlers\FileHandler' driver.
DEBUG - 2025-12-09 21:28:22 --> Datos para crear usuario: Array
(
    [nombre] => Marco
    [email] => marco@pos.com
    [password] => 12345678
    [rol] => vendedor
)

DEBUG - 2025-12-09 21:28:22 --> Datos a insertar en usuario: Array
(
    [nombre] => Marco
    [email] => marco@pos.com
    [password] => $2y$10$67S1sW/ad5vBSV2aY7uoK.dXAad.VYIaS/asmYXNa9/defVpPw3Ui
    [rol] => vendedor
    [activo] => 1
)

ERROR - 2025-12-09 21:28:22 --> Excepción al crear usuario: Undefined variable $user
DEBUG - 2025-12-09 21:28:22 --> Session: Class initialized using 'CodeIgniter\Session\Handlers\FileHandler' driver.
DEBUG - 2025-12-09 21:29:19 --> Session: Class initialized using 'CodeIgniter\Session\Handlers\FileHandler' driver.
DEBUG - 2025-12-09 21:29:28 --> Session: Class initialized using 'CodeIgniter\Session\Handlers\FileHandler' driver.
DEBUG - 2025-12-09 21:29:28 --> Datos para crear usuario: Array
(
    [nombre] => Marco
    [email] => marco@pos.com
    [password] => 12345678
    [rol] => vendedor
)

DEBUG - 2025-12-09 21:29:28 --> Datos a insertar en usuario: Array
(
    [nombre] => Marco
    [email] => marco@pos.com
    [password] => $2y$10$d3cN2hM1v1f3pRhjtycHs.V1mhjwcjXt4u2bhBS4xYsvFIFgaqNui
    [rol] => vendedor
    [activo] => 1
)

INFO - 2025-12-09 21:29:28 --> Usuario creado con ID: 7
DEBUG - 2025-12-09 21:29:28 --> Session: Class initialized using 'CodeIgniter\Session\Handlers\FileHandler' driver.
DEBUG - 2025-12-09 21:30:50 --> Session: Class initialized using 'CodeIgniter\Session\Handlers\FileHandler' driver.
DEBUG - 2025-12-09 21:31:00 --> Session: Class initialized using 'CodeIgniter\Session\Handlers\FileHandler' driver.
DEBUG - 2025-12-09 21:31:00 --> Datos para crear usuario: Array
(
    [nombre] => Marco
    [email] => marco@pos.com
    [password] => 12345678
    [rol] => vendedor
)

CRITICAL - 2025-12-09 21:31:00 --> ErrorException: Undefined variable $password
[Method: POST, Route: configuracion/crear-usuario]
in APPPATH\Controllers\ConfiguracionController.php on line 99.
 1 APPPATH\Controllers\ConfiguracionController.php(99): CodeIgniter\Debug\Exceptions->errorHandler(2, 'Undefined variable $password', 'C:\\pos_system\\pos_system\\app\\Controllers\\ConfiguracionController.php', 99)
 2 SYSTEMPATH\CodeIgniter.php(933): App\Controllers\ConfiguracionController->crearUsuario()
 3 SYSTEMPATH\CodeIgniter.php(507): CodeIgniter\CodeIgniter->runController(Object(App\Controllers\ConfiguracionController))
 4 SYSTEMPATH\CodeIgniter.php(354): CodeIgniter\CodeIgniter->handleRequest(null, Object(Config\Cache), false)
 5 SYSTEMPATH\Boot.php(363): CodeIgniter\CodeIgniter->run()
 6 SYSTEMPATH\Boot.php(68): CodeIgniter\Boot::runCodeIgniter(Object(CodeIgniter\CodeIgniter))
 7 FCPATH\index.php(59): CodeIgniter\Boot::bootWeb(Object(Config\Paths))
 8 SYSTEMPATH\rewrite.php(44): require_once('C:\\pos_system\\pos_system\\public\\index.php')
DEBUG - 2025-12-09 21:32:38 --> Session: Class initialized using 'CodeIgniter\Session\Handlers\FileHandler' driver.
DEBUG - 2025-12-09 21:32:38 --> Session: Class initialized using 'CodeIgniter\Session\Handlers\FileHandler' driver.
DEBUG - 2025-12-09 21:32:39 --> Session: Class initialized using 'CodeIgniter\Session\Handlers\FileHandler' driver.
DEBUG - 2025-12-09 21:32:54 --> Session: Class initialized using 'CodeIgniter\Session\Handlers\FileHandler' driver.
DEBUG - 2025-12-09 21:32:54 --> Datos para crear usuario: Array
(
    [nombre] => Marco
    [email] => marco@pos.com
    [password] => 12345678
    [rol] => vendedor
)

DEBUG - 2025-12-09 21:33:23 --> Session: Class initialized using 'CodeIgniter\Session\Handlers\FileHandler' driver.
DEBUG - 2025-12-09 21:33:23 --> Datos para crear usuario: Array
(
    [nombre] => Marco
    [email] => marco@pos.com
    [password] => 12345678
    [rol] => vendedor
)

DEBUG - 2025-12-09 21:33:25 --> Session: Class initialized using 'CodeIgniter\Session\Handlers\FileHandler' driver.
DEBUG - 2025-12-09 21:33:33 --> Session: Class initialized using 'CodeIgniter\Session\Handlers\FileHandler' driver.
DEBUG - 2025-12-09 21:33:33 --> Datos para crear usuario: Array
(
    [nombre] => Marco
    [email] => marco@pos.com
    [password] => 12345678
    [rol] => vendedor
)

DEBUG - 2025-12-09 21:33:33 --> Datos a insertar en usuario: Array
(
    [nombre] => Marco
    [email] => marco@pos.com
    [password] => $2y$10$SVbVLeiXKS7akf6/4nJvjeDEBm/j/u.WIKBIiN1cbY2ei6SKYEypW
    [rol] => vendedor
    [activo] => 1
)

INFO - 2025-12-09 21:33:33 --> Usuario creado con ID: 8
DEBUG - 2025-12-09 21:33:34 --> Session: Class initialized using 'CodeIgniter\Session\Handlers\FileHandler' driver.
DEBUG - 2025-12-09 21:33:47 --> Session: Class initialized using 'CodeIgniter\Session\Handlers\FileHandler' driver.
DEBUG - 2025-12-09 21:33:47 --> Session: Class initialized using 'CodeIgniter\Session\Handlers\FileHandler' driver.
DEBUG - 2025-12-09 21:33:57 --> Session: Class initialized using 'CodeIgniter\Session\Handlers\FileHandler' driver.
DEBUG - 2025-12-09 21:34:03 --> Session: Class initialized using 'CodeIgniter\Session\Handlers\FileHandler' driver.
DEBUG - 2025-12-09 21:34:11 --> Session: Class initialized using 'CodeIgniter\Session\Handlers\FileHandler' driver.
DEBUG - 2025-12-09 21:34:11 --> Session: Class initialized using 'CodeIgniter\Session\Handlers\FileHandler' driver.
DEBUG - 2025-12-09 21:34:19 --> Session: Class initialized using 'CodeIgniter\Session\Handlers\FileHandler' driver.
DEBUG - 2025-12-09 21:34:19 --> Session: Class initialized using 'CodeIgniter\Session\Handlers\FileHandler' driver.
DEBUG - 2025-12-09 21:35:31 --> Session: Class initialized using 'CodeIgniter\Session\Handlers\FileHandler' driver.
DEBUG - 2025-12-09 21:38:57 --> Session: Class initialized using 'CodeIgniter\Session\Handlers\FileHandler' driver.
DEBUG - 2025-12-09 21:39:18 --> Session: Class initialized using 'CodeIgniter\Session\Handlers\FileHandler' driver.
DEBUG - 2025-12-09 21:39:19 --> Session: Class initialized using 'CodeIgniter\Session\Handlers\FileHandler' driver.
DEBUG - 2025-12-09 21:39:20 --> Session: Class initialized using 'CodeIgniter\Session\Handlers\FileHandler' driver.
DEBUG - 2025-12-09 21:39:42 --> Session: Class initialized using 'CodeIgniter\Session\Handlers\FileHandler' driver.
DEBUG - 2025-12-09 21:39:42 --> Datos para crear usuario: Array
(
    [nombre] => Marco
    [email] => marco@pos.com
    [password] => 12345678
    [rol] => vendedor
)

DEBUG - 2025-12-09 21:39:42 --> Datos a insertar en usuario: Array
(
    [nombre] => Marco
    [email] => marco@pos.com
    [password] => $2y$10$gJcEZTLVOeMnzwpEzi67xe.IqRLDRitKbnQ8l7CqoxoPk4WxUrz2i
    [rol] => vendedor
    [activo] => 1
)

INFO - 2025-12-09 21:39:42 --> Usuario creado con ID: 9
DEBUG - 2025-12-09 21:39:42 --> Session: Class initialized using 'CodeIgniter\Session\Handlers\FileHandler' driver.
DEBUG - 2025-12-09 21:40:06 --> Session: Class initialized using 'CodeIgniter\Session\Handlers\FileHandler' driver.
DEBUG - 2025-12-09 21:40:10 --> Session: Class initialized using 'CodeIgniter\Session\Handlers\FileHandler' driver.
DEBUG - 2025-12-09 21:40:10 --> Session: Class initialized using 'CodeIgniter\Session\Handlers\FileHandler' driver.
DEBUG - 2025-12-09 21:40:26 --> Session: Class initialized using 'CodeIgniter\Session\Handlers\FileHandler' driver.
DEBUG - 2025-12-09 21:40:29 --> Session: Class initialized using 'CodeIgniter\Session\Handlers\FileHandler' driver.
DEBUG - 2025-12-09 21:51:38 --> Session: Class initialized using 'CodeIgniter\Session\Handlers\FileHandler' driver.
DEBUG - 2025-12-09 21:51:52 --> Session: Class initialized using 'CodeIgniter\Session\Handlers\FileHandler' driver.
DEBUG - 2025-12-09 21:54:27 --> Session: Class initialized using 'CodeIgniter\Session\Handlers\FileHandler' driver.
DEBUG - 2025-12-09 21:54:28 --> Session: Class initialized using 'CodeIgniter\Session\Handlers\FileHandler' driver.
DEBUG - 2025-12-09 21:54:31 --> Session: Class initialized using 'CodeIgniter\Session\Handlers\FileHandler' driver.
DEBUG - 2025-12-09 21:54:32 --> Session: Class initialized using 'CodeIgniter\Session\Handlers\FileHandler' driver.
DEBUG - 2025-12-09 21:55:03 --> Session: Class initialized using 'CodeIgniter\Session\Handlers\FileHandler' driver.
DEBUG - 2025-12-09 21:55:03 --> Session: Class initialized using 'CodeIgniter\Session\Handlers\FileHandler' driver.
DEBUG - 2025-12-09 21:55:14 --> Session: Class initialized using 'CodeIgniter\Session\Handlers\FileHandler' driver.
DEBUG - 2025-12-09 21:55:15 --> Session: Class initialized using 'CodeIgniter\Session\Handlers\FileHandler' driver.
DEBUG - 2025-12-09 21:57:11 --> Session: Class initialized using 'CodeIgniter\Session\Handlers\FileHandler' driver.
DEBUG - 2025-12-09 21:58:23 --> Session: Class initialized using 'CodeIgniter\Session\Handlers\FileHandler' driver.
DEBUG - 2025-12-09 21:58:58 --> Session: Class initialized using 'CodeIgniter\Session\Handlers\FileHandler' driver.
DEBUG - 2025-12-09 21:59:36 --> Session: Class initialized using 'CodeIgniter\Session\Handlers\FileHandler' driver.
DEBUG - 2025-12-09 21:59:39 --> Session: Class initialized using 'CodeIgniter\Session\Handlers\FileHandler' driver.
DEBUG - 2025-12-09 22:02:46 --> Session: Class initialized using 'CodeIgniter\Session\Handlers\FileHandler' driver.
DEBUG - 2025-12-09 22:02:48 --> Session: Class initialized using 'CodeIgniter\Session\Handlers\FileHandler' driver.
DEBUG - 2025-12-09 22:02:49 --> Session: Class initialized using 'CodeIgniter\Session\Handlers\FileHandler' driver.
DEBUG - 2025-12-09 22:02:50 --> Session: Class initialized using 'CodeIgniter\Session\Handlers\FileHandler' driver.
DEBUG - 2025-12-09 22:04:01 --> Session: Class initialized using 'CodeIgniter\Session\Handlers\FileHandler' driver.
DEBUG - 2025-12-09 22:04:01 --> Datos para crear usuario: Array
(
    [nombre] => Marco
    [email] => marco@pos.com
    [password] => admin123
    [rol] => vendedor
)

DEBUG - 2025-12-09 22:04:01 --> Datos a insertar en usuario: Array
(
    [nombre] => Marco
    [email] => marco@pos.com
    [password] => $2y$10$RngXLj9nzd.RaryTcfLdduGyFHqydtgnuyGpU5rk3i3fSHdUZgZhK
    [rol] => vendedor
    [activo] => 1
)

INFO - 2025-12-09 22:04:01 --> Usuario creado con ID: 10
DEBUG - 2025-12-09 22:04:01 --> Session: Class initialized using 'CodeIgniter\Session\Handlers\FileHandler' driver.
DEBUG - 2025-12-09 22:04:21 --> Session: Class initialized using 'CodeIgniter\Session\Handlers\FileHandler' driver.
DEBUG - 2025-12-09 22:04:21 --> Session: Class initialized using 'CodeIgniter\Session\Handlers\FileHandler' driver.
DEBUG - 2025-12-09 22:04:27 --> Session: Class initialized using 'CodeIgniter\Session\Handlers\FileHandler' driver.
DEBUG - 2025-12-09 22:04:27 --> Session: Class initialized using 'CodeIgniter\Session\Handlers\FileHandler' driver.
DEBUG - 2025-12-09 22:05:23 --> Session: Class initialized using 'CodeIgniter\Session\Handlers\FileHandler' driver.
DEBUG - 2025-12-09 22:05:23 --> Session: Class initialized using 'CodeIgniter\Session\Handlers\FileHandler' driver.
DEBUG - 2025-12-09 22:05:25 --> Session: Class initialized using 'CodeIgniter\Session\Handlers\FileHandler' driver.
DEBUG - 2025-12-09 22:05:57 --> Session: Class initialized using 'CodeIgniter\Session\Handlers\FileHandler' driver.
DEBUG - 2025-12-09 22:06:12 --> Session: Class initialized using 'CodeIgniter\Session\Handlers\FileHandler' driver.
DEBUG - 2025-12-09 22:06:12 --> Datos para crear usuario: Array
(
    [nombre] => Marco
    [email] => marco@pos.com
    [password] => admin123
    [rol] => vendedor
)

DEBUG - 2025-12-09 22:06:12 --> Datos a insertar en usuario: Array
(
    [nombre] => Marco
    [email] => marco@pos.com
    [password] => $2y$10$HsmEYu//i/p0dFnfcUyGNeIfKgOfKet1srXgZcFvyWD2CP7ssVSni
    [rol] => vendedor
    [activo] => 1
)

INFO - 2025-12-09 22:06:12 --> Usuario creado con ID: 11
DEBUG - 2025-12-09 22:06:13 --> Session: Class initialized using 'CodeIgniter\Session\Handlers\FileHandler' driver.
DEBUG - 2025-12-09 22:06:22 --> Session: Class initialized using 'CodeIgniter\Session\Handlers\FileHandler' driver.
DEBUG - 2025-12-09 22:06:22 --> Session: Class initialized using 'CodeIgniter\Session\Handlers\FileHandler' driver.
DEBUG - 2025-12-09 22:06:28 --> Session: Class initialized using 'CodeIgniter\Session\Handlers\FileHandler' driver.
DEBUG - 2025-12-09 22:06:28 --> Session: Class initialized using 'CodeIgniter\Session\Handlers\FileHandler' driver.
DEBUG - 2025-12-09 22:09:33 --> Session: Class initialized using 'CodeIgniter\Session\Handlers\FileHandler' driver.
DEBUG - 2025-12-09 22:09:33 --> Session: Class initialized using 'CodeIgniter\Session\Handlers\FileHandler' driver.
DEBUG - 2025-12-09 22:09:35 --> Session: Class initialized using 'CodeIgniter\Session\Handlers\FileHandler' driver.
DEBUG - 2025-12-09 22:09:52 --> Session: Class initialized using 'CodeIgniter\Session\Handlers\FileHandler' driver.
DEBUG - 2025-12-09 22:09:52 --> Datos para crear usuario: Array
(
    [nombre] => Marco
    [email] => marco@pos.com
    [password] => 12345678
    [rol] => vendedor
)

DEBUG - 2025-12-09 22:09:52 --> Datos a insertar en usuario: Array
(
    [nombre] => Marco
    [email] => marco@pos.com
    [password] => $2y$10$4yAPquUC4ASCx3XP2lp.Ku2xYRkiydt3ddIlMgCGDHgdIjeQxOMQ2
    [rol] => vendedor
    [activo] => 1
)

INFO - 2025-12-09 22:09:52 --> Usuario creado con ID: 12
DEBUG - 2025-12-09 22:09:53 --> Session: Class initialized using 'CodeIgniter\Session\Handlers\FileHandler' driver.
DEBUG - 2025-12-09 22:14:41 --> Session: Class initialized using 'CodeIgniter\Session\Handlers\FileHandler' driver.
DEBUG - 2025-12-09 22:14:41 --> Datos para crear usuario: Array
(
    [nombre] => Marco
    [email] => marco@pos.com
    [password] => admin123
    [rol] => vendedor
)

DEBUG - 2025-12-09 22:16:02 --> Session: Class initialized using 'CodeIgniter\Session\Handlers\FileHandler' driver.
DEBUG - 2025-12-09 22:16:05 --> Session: Class initialized using 'CodeIgniter\Session\Handlers\FileHandler' driver.
DEBUG - 2025-12-09 22:16:05 --> Datos para crear usuario: Array
(
    [nombre] => Marco
    [email] => marco@pos.com
    [password] => 12345678
    [rol] => vendedor
)

DEBUG - 2025-12-09 22:16:05 --> Datos a insertar en usuario: Array
(
    [nombre] => Marco
    [email] => marco@pos.com
    [password] => $2y$10$FUvfhaw4sssTk7YjfYkRCeimIEc4gxF3rVtATM5S9QIhpJfcbacmi
    [rol] => vendedor
    [activo] => 1
)

INFO - 2025-12-09 22:16:05 --> Usuario creado con ID: 13
DEBUG - 2025-12-09 22:16:05 --> Session: Class initialized using 'CodeIgniter\Session\Handlers\FileHandler' driver.
DEBUG - 2025-12-09 22:16:24 --> Session: Class initialized using 'CodeIgniter\Session\Handlers\FileHandler' driver.
DEBUG - 2025-12-09 22:16:24 --> Session: Class initialized using 'CodeIgniter\Session\Handlers\FileHandler' driver.
DEBUG - 2025-12-09 22:16:32 --> Session: Class initialized using 'CodeIgniter\Session\Handlers\FileHandler' driver.
DEBUG - 2025-12-09 22:16:32 --> Session: Class initialized using 'CodeIgniter\Session\Handlers\FileHandler' driver.
DEBUG - 2025-12-09 22:18:30 --> Session: Class initialized using 'CodeIgniter\Session\Handlers\FileHandler' driver.
DEBUG - 2025-12-09 22:18:30 --> Session: Class initialized using 'CodeIgniter\Session\Handlers\FileHandler' driver.
DEBUG - 2025-12-09 22:18:31 --> Session: Class initialized using 'CodeIgniter\Session\Handlers\FileHandler' driver.
DEBUG - 2025-12-09 22:18:41 --> Session: Class initialized using 'CodeIgniter\Session\Handlers\FileHandler' driver.
DEBUG - 2025-12-09 22:18:41 --> Datos para crear usuario: Array
(
    [nombre] => Marco
    [email] => marco@pos.com
    [password] => 12345678
    [rol] => vendedor
)

DEBUG - 2025-12-09 22:19:17 --> Session: Class initialized using 'CodeIgniter\Session\Handlers\FileHandler' driver.
DEBUG - 2025-12-09 22:19:17 --> Datos para crear usuario: Array
(
    [nombre] => Marco
    [email] => marco@pos.com
    [password] => 12345678
    [rol] => vendedor
)

DEBUG - 2025-12-09 22:19:17 --> Datos a insertar en usuario: Array
(
    [nombre] => Marco
    [email] => marco@pos.com
    [password] => $2y$10$fgxJZrL2rUdjzip1TzPdi.3KnN9Qjtk.nCvzJJatw7NXwYtg8Xi56
    [rol] => vendedor
    [activo] => 1
)

DEBUG - 2025-12-09 22:21:51 --> Session: Class initialized using 'CodeIgniter\Session\Handlers\FileHandler' driver.
DEBUG - 2025-12-09 22:21:51 --> Session: Class initialized using 'CodeIgniter\Session\Handlers\FileHandler' driver.
DEBUG - 2025-12-09 22:21:57 --> Session: Class initialized using 'CodeIgniter\Session\Handlers\FileHandler' driver.
DEBUG - 2025-12-09 22:21:57 --> Session: Class initialized using 'CodeIgniter\Session\Handlers\FileHandler' driver.
DEBUG - 2025-12-09 22:22:08 --> Session: Class initialized using 'CodeIgniter\Session\Handlers\FileHandler' driver.
DEBUG - 2025-12-09 22:22:08 --> Session: Class initialized using 'CodeIgniter\Session\Handlers\FileHandler' driver.
DEBUG - 2025-12-09 22:23:10 --> Session: Class initialized using 'CodeIgniter\Session\Handlers\FileHandler' driver.
DEBUG - 2025-12-09 22:23:11 --> Session: Class initialized using 'CodeIgniter\Session\Handlers\FileHandler' driver.
DEBUG - 2025-12-09 22:23:11 --> Session: Class initialized using 'CodeIgniter\Session\Handlers\FileHandler' driver.
DEBUG - 2025-12-09 22:23:13 --> Session: Class initialized using 'CodeIgniter\Session\Handlers\FileHandler' driver.
DEBUG - 2025-12-09 22:23:21 --> Session: Class initialized using 'CodeIgniter\Session\Handlers\FileHandler' driver.
DEBUG - 2025-12-09 22:23:21 --> Datos para crear usuario: Array
(
    [nombre] => Marco
    [email] => marco@pos.com
    [password] => 12345678
    [rol] => vendedor
)

DEBUG - 2025-12-09 22:23:21 --> Datos a insertar en usuario: Array
(
    [nombre] => Marco
    [email] => marco@pos.com
    [password] => $2y$10$APopS54dRomGUdcQ3/JsVe7LTm6oEJ3gDI8MdiLsO7610Ldl./pYm
    [rol] => vendedor
    [activo] => 1
)

DEBUG - 2025-12-09 22:23:48 --> Session: Class initialized using 'CodeIgniter\Session\Handlers\FileHandler' driver.
DEBUG - 2025-12-09 22:23:48 --> Session: Class initialized using 'CodeIgniter\Session\Handlers\FileHandler' driver.
DEBUG - 2025-12-09 22:23:51 --> Session: Class initialized using 'CodeIgniter\Session\Handlers\FileHandler' driver.
DEBUG - 2025-12-09 22:23:51 --> Session: Class initialized using 'CodeIgniter\Session\Handlers\FileHandler' driver.
DEBUG - 2025-12-09 22:23:53 --> Session: Class initialized using 'CodeIgniter\Session\Handlers\FileHandler' driver.
DEBUG - 2025-12-09 22:23:54 --> Session: Class initialized using 'CodeIgniter\Session\Handlers\FileHandler' driver.
DEBUG - 2025-12-09 22:26:28 --> Session: Class initialized using 'CodeIgniter\Session\Handlers\FileHandler' driver.
DEBUG - 2025-12-09 22:26:28 --> Session: Class initialized using 'CodeIgniter\Session\Handlers\FileHandler' driver.
DEBUG - 2025-12-09 22:26:30 --> Session: Class initialized using 'CodeIgniter\Session\Handlers\FileHandler' driver.
DEBUG - 2025-12-09 22:26:34 --> Session: Class initialized using 'CodeIgniter\Session\Handlers\FileHandler' driver.
DEBUG - 2025-12-09 22:26:34 --> Datos para crear usuario: Array
(
    [nombre] => Marco
    [email] => marco@pos.com
    [password] => 12345678
    [rol] => vendedor
)

DEBUG - 2025-12-09 22:26:34 --> Datos a insertar en usuario: Array
(
    [nombre] => Marco
    [email] => marco@pos.com
    [password] => 12345678
    [rol] => vendedor
    [activo] => 1
)

INFO - 2025-12-09 22:26:34 --> Usuario creado con ID: 16
DEBUG - 2025-12-09 22:26:34 --> Session: Class initialized using 'CodeIgniter\Session\Handlers\FileHandler' driver.
DEBUG - 2025-12-09 22:26:36 --> Session: Class initialized using 'CodeIgniter\Session\Handlers\FileHandler' driver.
DEBUG - 2025-12-09 22:26:36 --> Session: Class initialized using 'CodeIgniter\Session\Handlers\FileHandler' driver.
DEBUG - 2025-12-09 22:26:38 --> Session: Class initialized using 'CodeIgniter\Session\Handlers\FileHandler' driver.
DEBUG - 2025-12-09 22:26:38 --> Session: Class initialized using 'CodeIgniter\Session\Handlers\FileHandler' driver.
DEBUG - 2025-12-09 22:30:07 --> Session: Class initialized using 'CodeIgniter\Session\Handlers\FileHandler' driver.
DEBUG - 2025-12-09 22:30:07 --> Session: Class initialized using 'CodeIgniter\Session\Handlers\FileHandler' driver.
DEBUG - 2025-12-09 22:30:10 --> Session: Class initialized using 'CodeIgniter\Session\Handlers\FileHandler' driver.
DEBUG - 2025-12-09 22:30:10 --> Session: Class initialized using 'CodeIgniter\Session\Handlers\FileHandler' driver.
DEBUG - 2025-12-09 22:30:13 --> Session: Class initialized using 'CodeIgniter\Session\Handlers\FileHandler' driver.
DEBUG - 2025-12-09 22:30:14 --> Session: Class initialized using 'CodeIgniter\Session\Handlers\FileHandler' driver.
DEBUG - 2025-12-09 22:30:15 --> Session: Class initialized using 'CodeIgniter\Session\Handlers\FileHandler' driver.
DEBUG - 2025-12-09 22:30:15 --> Session: Class initialized using 'CodeIgniter\Session\Handlers\FileHandler' driver.
DEBUG - 2025-12-09 22:30:17 --> Session: Class initialized using 'CodeIgniter\Session\Handlers\FileHandler' driver.
DEBUG - 2025-12-09 22:30:22 --> Session: Class initialized using 'CodeIgniter\Session\Handlers\FileHandler' driver.
DEBUG - 2025-12-09 22:30:22 --> Datos para crear usuario: Array
(
    [nombre] => Marco
    [email] => marco@pos.com
    [password] => 12345678
    [rol] => vendedor
)

DEBUG - 2025-12-09 22:30:22 --> Datos a insertar en usuario: Array
(
    [nombre] => Marco
    [email] => marco@pos.com
    [password] => 12345678
    [rol] => vendedor
    [activo] => 1
)

INFO - 2025-12-09 22:30:22 --> Usuario creado con ID: 17
DEBUG - 2025-12-09 22:30:23 --> Session: Class initialized using 'CodeIgniter\Session\Handlers\FileHandler' driver.
DEBUG - 2025-12-09 22:30:24 --> Session: Class initialized using 'CodeIgniter\Session\Handlers\FileHandler' driver.
DEBUG - 2025-12-09 22:30:24 --> Session: Class initialized using 'CodeIgniter\Session\Handlers\FileHandler' driver.
DEBUG - 2025-12-09 22:30:27 --> Session: Class initialized using 'CodeIgniter\Session\Handlers\FileHandler' driver.
DEBUG - 2025-12-09 22:30:27 --> Session: Class initialized using 'CodeIgniter\Session\Handlers\FileHandler' driver.
DEBUG - 2025-12-09 22:30:29 --> Session: Class initialized using 'CodeIgniter\Session\Handlers\FileHandler' driver.
DEBUG - 2025-12-09 22:30:29 --> Session: Class initialized using 'CodeIgniter\Session\Handlers\FileHandler' driver.
DEBUG - 2025-12-09 22:30:30 --> Session: Class initialized using 'CodeIgniter\Session\Handlers\FileHandler' driver.
DEBUG - 2025-12-09 22:30:30 --> Session: Class initialized using 'CodeIgniter\Session\Handlers\FileHandler' driver.
DEBUG - 2025-12-09 22:30:32 --> Session: Class initialized using 'CodeIgniter\Session\Handlers\FileHandler' driver.
DEBUG - 2025-12-09 22:30:40 --> Session: Class initialized using 'CodeIgniter\Session\Handlers\FileHandler' driver.
DEBUG - 2025-12-09 22:30:40 --> Datos para crear usuario: Array
(
    [nombre] => Jose
    [email] => jose@pos.com
    [password] => 12345678
    [rol] => admin
)

DEBUG - 2025-12-09 22:30:40 --> Datos a insertar en usuario: Array
(
    [nombre] => Jose
    [email] => jose@pos.com
    [password] => 12345678
    [rol] => admin
    [activo] => 1
)

INFO - 2025-12-09 22:30:40 --> Usuario creado con ID: 18
DEBUG - 2025-12-09 22:30:40 --> Session: Class initialized using 'CodeIgniter\Session\Handlers\FileHandler' driver.
DEBUG - 2025-12-09 22:30:42 --> Session: Class initialized using 'CodeIgniter\Session\Handlers\FileHandler' driver.
DEBUG - 2025-12-09 22:30:42 --> Session: Class initialized using 'CodeIgniter\Session\Handlers\FileHandler' driver.
DEBUG - 2025-12-09 22:30:44 --> Session: Class initialized using 'CodeIgniter\Session\Handlers\FileHandler' driver.
DEBUG - 2025-12-09 22:30:45 --> Session: Class initialized using 'CodeIgniter\Session\Handlers\FileHandler' driver.
DEBUG - 2025-12-09 22:36:10 --> Session: Class initialized using 'CodeIgniter\Session\Handlers\FileHandler' driver.
DEBUG - 2025-12-09 22:36:10 --> Session: Class initialized using 'CodeIgniter\Session\Handlers\FileHandler' driver.
DEBUG - 2025-12-09 22:36:14 --> Session: Class initialized using 'CodeIgniter\Session\Handlers\FileHandler' driver.
DEBUG - 2025-12-09 22:36:14 --> Session: Class initialized using 'CodeIgniter\Session\Handlers\FileHandler' driver.
DEBUG - 2025-12-09 22:37:15 --> Session: Class initialized using 'CodeIgniter\Session\Handlers\FileHandler' driver.
DEBUG - 2025-12-09 22:37:15 --> Session: Class initialized using 'CodeIgniter\Session\Handlers\FileHandler' driver.
DEBUG - 2025-12-09 22:40:04 --> Session: Class initialized using 'CodeIgniter\Session\Handlers\FileHandler' driver.
DEBUG - 2025-12-09 22:40:46 --> Session: Class initialized using 'CodeIgniter\Session\Handlers\FileHandler' driver.
DEBUG - 2025-12-09 22:41:17 --> Session: Class initialized using 'CodeIgniter\Session\Handlers\FileHandler' driver.
DEBUG - 2025-12-09 22:42:06 --> Session: Class initialized using 'CodeIgniter\Session\Handlers\FileHandler' driver.
DEBUG - 2025-12-09 22:42:07 --> Session: Class initialized using 'CodeIgniter\Session\Handlers\FileHandler' driver.
DEBUG - 2025-12-09 22:42:08 --> Session: Class initialized using 'CodeIgniter\Session\Handlers\FileHandler' driver.
DEBUG - 2025-12-09 22:42:15 --> Session: Class initialized using 'CodeIgniter\Session\Handlers\FileHandler' driver.
DEBUG - 2025-12-09 22:42:16 --> Session: Class initialized using 'CodeIgniter\Session\Handlers\FileHandler' driver.
DEBUG - 2025-12-09 22:43:44 --> Session: Class initialized using 'CodeIgniter\Session\Handlers\FileHandler' driver.
DEBUG - 2025-12-09 22:43:44 --> Session: Class initialized using 'CodeIgniter\Session\Handlers\FileHandler' driver.
DEBUG - 2025-12-09 22:48:04 --> Session: Class initialized using 'CodeIgniter\Session\Handlers\FileHandler' driver.
DEBUG - 2025-12-09 22:48:04 --> Session: Class initialized using 'CodeIgniter\Session\Handlers\FileHandler' driver.
DEBUG - 2025-12-09 22:48:06 --> Session: Class initialized using 'CodeIgniter\Session\Handlers\FileHandler' driver.
DEBUG - 2025-12-09 22:48:06 --> Session: Class initialized using 'CodeIgniter\Session\Handlers\FileHandler' driver.
DEBUG - 2025-12-09 22:48:42 --> Session: Class initialized using 'CodeIgniter\Session\Handlers\FileHandler' driver.
CRITICAL - 2025-12-09 22:48:44 --> CodeIgniter\Filters\Exceptions\FilterException: "admin" filter must have a matching alias defined.
[Method: GET, Route: admin/reportes]
in SYSTEMPATH\Filters\Filters.php on line 590.
 1 SYSTEMPATH\Filters\Filters.php(590): CodeIgniter\Filters\Exceptions\FilterException::forNoAlias('admin')
 2 SYSTEMPATH\Filters\Filters.php(641): CodeIgniter\Filters\Filters->enableFilter('admin', 'before')
 3 SYSTEMPATH\CodeIgniter.php(467): CodeIgniter\Filters\Filters->enableFilters([...], 'before')
 4 SYSTEMPATH\CodeIgniter.php(354): CodeIgniter\CodeIgniter->handleRequest(null, Object(Config\Cache), false)
 5 SYSTEMPATH\Boot.php(363): CodeIgniter\CodeIgniter->run()
 6 SYSTEMPATH\Boot.php(68): CodeIgniter\Boot::runCodeIgniter(Object(CodeIgniter\CodeIgniter))
 7 FCPATH\index.php(59): CodeIgniter\Boot::bootWeb(Object(Config\Paths))
 8 SYSTEMPATH\rewrite.php(44): require_once('C:\\pos_system\\pos_system\\public\\index.php')
DEBUG - 2025-12-09 22:50:50 --> Session: Class initialized using 'CodeIgniter\Session\Handlers\FileHandler' driver.
DEBUG - 2025-12-09 22:53:55 --> Session: Class initialized using 'CodeIgniter\Session\Handlers\FileHandler' driver.
DEBUG - 2025-12-09 22:54:00 --> Session: Class initialized using 'CodeIgniter\Session\Handlers\FileHandler' driver.
DEBUG - 2025-12-09 22:54:02 --> Session: Class initialized using 'CodeIgniter\Session\Handlers\FileHandler' driver.
DEBUG - 2025-12-09 22:54:51 --> Session: Class initialized using 'CodeIgniter\Session\Handlers\FileHandler' driver.
DEBUG - 2025-12-09 22:54:52 --> Accediendo a módulo de caja
DEBUG - 2025-12-09 22:54:52 --> Datos para vista: Array
(
    [title] => Caja Registradora - POS System
    [caja_abierta] => Array
        (
            [id] => 4
            [fecha_apertura] => 2025-12-03 01:36:29
            [fecha_cierre] => 
            [monto_inicial] => 10.00
            [monto_final] => 
            [usuario_id] => 1
            [estado] => abierta
            [total_ventas] => 0.00
            [created_at] => 2025-12-03 01:36:29
        )

    [ventas_hoy] => Array
        (
        )

)

DEBUG - 2025-12-09 22:58:12 --> Session: Class initialized using 'CodeIgniter\Session\Handlers\FileHandler' driver.
DEBUG - 2025-12-09 22:58:12 --> Session: Class initialized using 'CodeIgniter\Session\Handlers\FileHandler' driver.
DEBUG - 2025-12-09 22:58:16 --> Session: Class initialized using 'CodeIgniter\Session\Handlers\FileHandler' driver.
DEBUG - 2025-12-09 22:58:16 --> Accediendo a módulo de caja
DEBUG - 2025-12-09 22:58:16 --> Datos para vista: Array
(
    [title] => Caja Registradora - POS System
    [caja_abierta] => Array
        (
            [id] => 4
            [fecha_apertura] => 2025-12-03 01:36:29
            [fecha_cierre] => 
            [monto_inicial] => 10.00
            [monto_final] => 
            [usuario_id] => 1
            [estado] => abierta
            [total_ventas] => 0.00
            [created_at] => 2025-12-03 01:36:29
        )

    [ventas_hoy] => Array
        (
        )

)

DEBUG - 2025-12-09 22:58:23 --> Session: Class initialized using 'CodeIgniter\Session\Handlers\FileHandler' driver.
DEBUG - 2025-12-09 22:59:58 --> Session: Class initialized using 'CodeIgniter\Session\Handlers\FileHandler' driver.
DEBUG - 2025-12-09 22:59:58 --> Session: Class initialized using 'CodeIgniter\Session\Handlers\FileHandler' driver.
DEBUG - 2025-12-09 22:59:58 --> Accediendo a módulo de caja
DEBUG - 2025-12-09 22:59:58 --> Datos para vista: Array
(
    [title] => Caja Registradora - POS System
    [caja_abierta] => Array
        (
            [id] => 4
            [fecha_apertura] => 2025-12-03 01:36:29
            [fecha_cierre] => 
            [monto_inicial] => 10.00
            [monto_final] => 
            [usuario_id] => 1
            [estado] => abierta
            [total_ventas] => 0.00
            [created_at] => 2025-12-03 01:36:29
        )

    [ventas_hoy] => Array
        (
        )

)

CRITICAL - 2025-12-09 22:59:58 --> CodeIgniter\View\Exceptions\ViewException: Invalid file: "admin/caja/index.php"
[Method: GET, Route: admin/caja]
in SYSTEMPATH\Exceptions\FrameworkException.php on line 39.
 1 SYSTEMPATH\View\View.php(214): CodeIgniter\Exceptions\FrameworkException::forInvalidFile('admin/caja/index.php')
 2 SYSTEMPATH\Common.php(1167): CodeIgniter\View\View->render('admin/caja/index', [], true)
 3 APPPATH\Controllers\CajaController.php(36): view('admin/caja/index', [...])
 4 SYSTEMPATH\CodeIgniter.php(933): App\Controllers\CajaController->index()
 5 SYSTEMPATH\CodeIgniter.php(507): CodeIgniter\CodeIgniter->runController(Object(App\Controllers\CajaController))
 6 SYSTEMPATH\CodeIgniter.php(354): CodeIgniter\CodeIgniter->handleRequest(null, Object(Config\Cache), false)
 7 SYSTEMPATH\Boot.php(363): CodeIgniter\CodeIgniter->run()
 8 SYSTEMPATH\Boot.php(68): CodeIgniter\Boot::runCodeIgniter(Object(CodeIgniter\CodeIgniter))
 9 FCPATH\index.php(59): CodeIgniter\Boot::bootWeb(Object(Config\Paths))
10 SYSTEMPATH\rewrite.php(44): require_once('C:\\pos_system\\pos_system\\public\\index.php')
DEBUG - 2025-12-09 23:01:12 --> Session: Class initialized using 'CodeIgniter\Session\Handlers\FileHandler' driver.
DEBUG - 2025-12-09 23:01:12 --> Accediendo a módulo de caja
DEBUG - 2025-12-09 23:01:12 --> Datos para vista: Array
(
    [title] => Caja Registradora - POS System
    [caja_abierta] => Array
        (
            [id] => 4
            [fecha_apertura] => 2025-12-03 01:36:29
            [fecha_cierre] => 
            [monto_inicial] => 10.00
            [monto_final] => 
            [usuario_id] => 1
            [estado] => abierta
            [total_ventas] => 0.00
            [created_at] => 2025-12-03 01:36:29
        )

    [ventas_hoy] => Array
        (
        )

)

DEBUG - 2025-12-09 23:01:13 --> Session: Class initialized using 'CodeIgniter\Session\Handlers\FileHandler' driver.
DEBUG - 2025-12-09 23:01:13 --> Session: Class initialized using 'CodeIgniter\Session\Handlers\FileHandler' driver.
DEBUG - 2025-12-09 23:01:13 --> Accediendo a módulo de caja
DEBUG - 2025-12-09 23:01:13 --> Datos para vista: Array
(
    [title] => Caja Registradora - POS System
    [caja_abierta] => Array
        (
            [id] => 4
            [fecha_apertura] => 2025-12-03 01:36:29
            [fecha_cierre] => 
            [monto_inicial] => 10.00
            [monto_final] => 
            [usuario_id] => 1
            [estado] => abierta
            [total_ventas] => 0.00
            [created_at] => 2025-12-03 01:36:29
        )

    [ventas_hoy] => Array
        (
        )

)

DEBUG - 2025-12-09 23:01:31 --> Session: Class initialized using 'CodeIgniter\Session\Handlers\FileHandler' driver.
DEBUG - 2025-12-09 23:03:00 --> Session: Class initialized using 'CodeIgniter\Session\Handlers\FileHandler' driver.
DEBUG - 2025-12-09 23:03:00 --> Accediendo a módulo de caja
DEBUG - 2025-12-09 23:03:00 --> Datos para vista: Array
(
    [title] => Caja Registradora - POS System
    [caja_abierta] => Array
        (
            [id] => 4
            [fecha_apertura] => 2025-12-03 01:36:29
            [fecha_cierre] => 
            [monto_inicial] => 10.00
            [monto_final] => 
            [usuario_id] => 1
            [estado] => abierta
            [total_ventas] => 0.00
            [created_at] => 2025-12-03 01:36:29
        )

    [ventas_hoy] => Array
        (
        )

)

DEBUG - 2025-12-09 23:03:54 --> Session: Class initialized using 'CodeIgniter\Session\Handlers\FileHandler' driver.
DEBUG - 2025-12-09 23:03:54 --> Accediendo a módulo de caja
DEBUG - 2025-12-09 23:03:54 --> Datos para vista: Array
(
    [title] => Caja Registradora - POS System
    [caja_abierta] => Array
        (
            [id] => 4
            [fecha_apertura] => 2025-12-03 01:36:29
            [fecha_cierre] => 
            [monto_inicial] => 10.00
            [monto_final] => 
            [usuario_id] => 1
            [estado] => abierta
            [total_ventas] => 0.00
            [created_at] => 2025-12-03 01:36:29
        )

    [ventas_hoy] => Array
        (
        )

)

DEBUG - 2025-12-09 23:03:56 --> Session: Class initialized using 'CodeIgniter\Session\Handlers\FileHandler' driver.
DEBUG - 2025-12-09 23:03:56 --> Iniciando cierre de caja
DEBUG - 2025-12-09 23:03:56 --> Total ventas hoy: 0
DEBUG - 2025-12-09 23:03:56 --> Datos para cerrar caja: Array
(
    [fecha_cierre] => 2025-12-09 23:03:56
    [monto_final] => 10
    [total_ventas] => 0
    [estado] => cerrada
)

INFO - 2025-12-09 23:03:56 --> Caja cerrada exitosamente ID: 4
DEBUG - 2025-12-09 23:03:56 --> Session: Class initialized using 'CodeIgniter\Session\Handlers\FileHandler' driver.
DEBUG - 2025-12-09 23:03:56 --> Accediendo a módulo de caja
DEBUG - 2025-12-09 23:03:56 --> Datos para vista: Array
(
    [title] => Caja Registradora - POS System
    [caja_abierta] => 
    [ventas_hoy] => Array
        (
        )

)

DEBUG - 2025-12-09 23:04:00 --> Session: Class initialized using 'CodeIgniter\Session\Handlers\FileHandler' driver.
DEBUG - 2025-12-09 23:04:00 --> Iniciando proceso de apertura de caja
DEBUG - 2025-12-09 23:04:00 --> Monto inicial recibido: 0.00
ERROR - 2025-12-09 23:04:00 --> Monto inicial no válido: 0.00
DEBUG - 2025-12-09 23:04:00 --> Session: Class initialized using 'CodeIgniter\Session\Handlers\FileHandler' driver.
DEBUG - 2025-12-09 23:04:00 --> Accediendo a módulo de caja
DEBUG - 2025-12-09 23:04:00 --> Datos para vista: Array
(
    [title] => Caja Registradora - POS System
    [caja_abierta] => 
    [ventas_hoy] => Array
        (
        )

)

DEBUG - 2025-12-09 23:04:07 --> Session: Class initialized using 'CodeIgniter\Session\Handlers\FileHandler' driver.
DEBUG - 2025-12-09 23:04:07 --> Iniciando proceso de apertura de caja
DEBUG - 2025-12-09 23:04:08 --> Monto inicial recibido: 50000
DEBUG - 2025-12-09 23:04:08 --> User ID de sesión: 1
DEBUG - 2025-12-09 23:04:08 --> Datos para insertar: Array
(
    [fecha_apertura] => 2025-12-09 23:04:08
    [monto_inicial] => 50000
    [usuario_id] => 1
    [estado] => abierta
    [created_at] => 2025-12-09 23:04:08
)

DEBUG - 2025-12-09 23:04:08 --> Resultado de inserción: true
INFO - 2025-12-09 23:04:08 --> Caja abierta con ID: 5
DEBUG - 2025-12-09 23:05:34 --> Session: Class initialized using 'CodeIgniter\Session\Handlers\FileHandler' driver.
DEBUG - 2025-12-09 23:05:34 --> Accediendo a módulo de caja
DEBUG - 2025-12-09 23:05:34 --> Datos para vista: Array
(
    [title] => Caja Registradora - POS System
    [caja_abierta] => Array
        (
            [id] => 5
            [fecha_apertura] => 2025-12-09 23:04:08
            [fecha_cierre] => 
            [monto_inicial] => 50000.00
            [monto_final] => 
            [usuario_id] => 1
            [estado] => abierta
            [total_ventas] => 0.00
            [created_at] => 2025-12-09 23:04:08
        )

    [ventas_hoy] => Array
        (
        )

)

DEBUG - 2025-12-09 23:05:45 --> Session: Class initialized using 'CodeIgniter\Session\Handlers\FileHandler' driver.
DEBUG - 2025-12-09 23:05:46 --> Iniciando cierre de caja
DEBUG - 2025-12-09 23:05:46 --> Total ventas hoy: 0
DEBUG - 2025-12-09 23:05:46 --> Datos para cerrar caja: Array
(
    [fecha_cierre] => 2025-12-09 23:05:46
    [monto_final] => 50000
    [total_ventas] => 0
    [estado] => cerrada
)

INFO - 2025-12-09 23:05:46 --> Caja cerrada exitosamente ID: 5
DEBUG - 2025-12-09 23:05:46 --> Session: Class initialized using 'CodeIgniter\Session\Handlers\FileHandler' driver.
DEBUG - 2025-12-09 23:05:46 --> Accediendo a módulo de caja
DEBUG - 2025-12-09 23:05:46 --> Datos para vista: Array
(
    [title] => Caja Registradora - POS System
    [caja_abierta] => 
    [ventas_hoy] => Array
        (
        )

)

DEBUG - 2025-12-09 23:05:55 --> Session: Class initialized using 'CodeIgniter\Session\Handlers\FileHandler' driver.
DEBUG - 2025-12-09 23:05:55 --> Iniciando proceso de apertura de caja
DEBUG - 2025-12-09 23:05:55 --> Monto inicial recibido: 0.00
ERROR - 2025-12-09 23:05:55 --> Monto inicial no válido: 0.00
DEBUG - 2025-12-09 23:05:55 --> Session: Class initialized using 'CodeIgniter\Session\Handlers\FileHandler' driver.
DEBUG - 2025-12-09 23:05:55 --> Accediendo a módulo de caja
DEBUG - 2025-12-09 23:05:56 --> Datos para vista: Array
(
    [title] => Caja Registradora - POS System
    [caja_abierta] => 
    [ventas_hoy] => Array
        (
        )

)

DEBUG - 2025-12-09 23:06:00 --> Session: Class initialized using 'CodeIgniter\Session\Handlers\FileHandler' driver.
DEBUG - 2025-12-09 23:06:00 --> Iniciando proceso de apertura de caja
DEBUG - 2025-12-09 23:06:00 --> Monto inicial recibido: 80000
DEBUG - 2025-12-09 23:06:00 --> User ID de sesión: 1
DEBUG - 2025-12-09 23:06:00 --> Datos para insertar: Array
(
    [fecha_apertura] => 2025-12-09 23:06:00
    [monto_inicial] => 80000
    [usuario_id] => 1
    [estado] => abierta
    [created_at] => 2025-12-09 23:06:00
)

DEBUG - 2025-12-09 23:06:00 --> Resultado de inserción: true
INFO - 2025-12-09 23:06:00 --> Caja abierta con ID: 6
DEBUG - 2025-12-09 23:08:43 --> Session: Class initialized using 'CodeIgniter\Session\Handlers\FileHandler' driver.
DEBUG - 2025-12-09 23:08:43 --> Iniciando proceso de apertura de caja
WARNING - 2025-12-09 23:08:43 --> Ya hay una caja abierta
DEBUG - 2025-12-09 23:08:43 --> Session: Class initialized using 'CodeIgniter\Session\Handlers\FileHandler' driver.
DEBUG - 2025-12-09 23:08:43 --> Accediendo a módulo de caja
DEBUG - 2025-12-09 23:08:43 --> Datos para vista: Array
(
    [title] => Caja Registradora - POS System
    [caja_abierta] => Array
        (
            [id] => 6
            [fecha_apertura] => 2025-12-09 23:06:00
            [fecha_cierre] => 
            [monto_inicial] => 80000.00
            [monto_final] => 
            [usuario_id] => 1
            [estado] => abierta
            [total_ventas] => 0.00
            [created_at] => 2025-12-09 23:06:00
        )

    [ventas_hoy] => Array
        (
        )

)

DEBUG - 2025-12-09 23:08:46 --> Session: Class initialized using 'CodeIgniter\Session\Handlers\FileHandler' driver.
DEBUG - 2025-12-09 23:08:46 --> Iniciando cierre de caja
DEBUG - 2025-12-09 23:08:47 --> Total ventas hoy: 0
DEBUG - 2025-12-09 23:08:47 --> Datos para cerrar caja: Array
(
    [fecha_cierre] => 2025-12-09 23:08:47
    [monto_final] => 80000
    [total_ventas] => 0
    [estado] => cerrada
)

INFO - 2025-12-09 23:08:47 --> Caja cerrada exitosamente ID: 6
DEBUG - 2025-12-09 23:08:47 --> Session: Class initialized using 'CodeIgniter\Session\Handlers\FileHandler' driver.
DEBUG - 2025-12-09 23:08:47 --> Accediendo a módulo de caja
DEBUG - 2025-12-09 23:08:47 --> Datos para vista: Array
(
    [title] => Caja Registradora - POS System
    [caja_abierta] => 
    [ventas_hoy] => Array
        (
        )

)

DEBUG - 2025-12-09 23:08:48 --> Session: Class initialized using 'CodeIgniter\Session\Handlers\FileHandler' driver.
DEBUG - 2025-12-09 23:08:48 --> Accediendo a módulo de caja
DEBUG - 2025-12-09 23:08:48 --> Datos para vista: Array
(
    [title] => Caja Registradora - POS System
    [caja_abierta] => 
    [ventas_hoy] => Array
        (
        )

)

DEBUG - 2025-12-09 23:08:53 --> Session: Class initialized using 'CodeIgniter\Session\Handlers\FileHandler' driver.
DEBUG - 2025-12-09 23:08:53 --> Accediendo a módulo de caja
DEBUG - 2025-12-09 23:08:53 --> Datos para vista: Array
(
    [title] => Caja Registradora - POS System
    [caja_abierta] => 
    [ventas_hoy] => Array
        (
        )

)

DEBUG - 2025-12-09 23:08:54 --> Session: Class initialized using 'CodeIgniter\Session\Handlers\FileHandler' driver.
DEBUG - 2025-12-09 23:08:54 --> Accediendo a módulo de caja
DEBUG - 2025-12-09 23:08:54 --> Datos para vista: Array
(
    [title] => Caja Registradora - POS System
    [caja_abierta] => 
    [ventas_hoy] => Array
        (
        )

)

DEBUG - 2025-12-09 23:08:54 --> Session: Class initialized using 'CodeIgniter\Session\Handlers\FileHandler' driver.
DEBUG - 2025-12-09 23:08:54 --> Accediendo a módulo de caja
DEBUG - 2025-12-09 23:08:54 --> Datos para vista: Array
(
    [title] => Caja Registradora - POS System
    [caja_abierta] => 
    [ventas_hoy] => Array
        (
        )

)

DEBUG - 2025-12-09 23:08:59 --> Session: Class initialized using 'CodeIgniter\Session\Handlers\FileHandler' driver.
DEBUG - 2025-12-09 23:08:59 --> Iniciando proceso de apertura de caja
DEBUG - 2025-12-09 23:08:59 --> Monto inicial recibido: 0.00
ERROR - 2025-12-09 23:08:59 --> Monto inicial no válido: 0.00
DEBUG - 2025-12-09 23:08:59 --> Session: Class initialized using 'CodeIgniter\Session\Handlers\FileHandler' driver.
DEBUG - 2025-12-09 23:08:59 --> Accediendo a módulo de caja
DEBUG - 2025-12-09 23:08:59 --> Datos para vista: Array
(
    [title] => Caja Registradora - POS System
    [caja_abierta] => 
    [ventas_hoy] => Array
        (
        )

)

DEBUG - 2025-12-09 23:09:06 --> Session: Class initialized using 'CodeIgniter\Session\Handlers\FileHandler' driver.
DEBUG - 2025-12-09 23:09:06 --> Iniciando proceso de apertura de caja
DEBUG - 2025-12-09 23:09:06 --> Monto inicial recibido: 800000
DEBUG - 2025-12-09 23:09:06 --> User ID de sesión: 1
DEBUG - 2025-12-09 23:09:06 --> Datos para insertar: Array
(
    [fecha_apertura] => 2025-12-09 23:09:06
    [monto_inicial] => 800000
    [usuario_id] => 1
    [estado] => abierta
    [created_at] => 2025-12-09 23:09:06
)

DEBUG - 2025-12-09 23:09:06 --> Resultado de inserción: true
INFO - 2025-12-09 23:09:06 --> Caja abierta con ID: 7
DEBUG - 2025-12-09 23:09:06 --> Session: Class initialized using 'CodeIgniter\Session\Handlers\FileHandler' driver.
DEBUG - 2025-12-09 23:09:06 --> Accediendo a módulo de caja
DEBUG - 2025-12-09 23:09:06 --> Datos para vista: Array
(
    [title] => Caja Registradora - POS System
    [caja_abierta] => Array
        (
            [id] => 7
            [fecha_apertura] => 2025-12-09 23:09:06
            [fecha_cierre] => 
            [monto_inicial] => 800000.00
            [monto_final] => 
            [usuario_id] => 1
            [estado] => abierta
            [total_ventas] => 0.00
            [created_at] => 2025-12-09 23:09:06
        )

    [ventas_hoy] => Array
        (
        )

)

DEBUG - 2025-12-09 23:09:20 --> Session: Class initialized using 'CodeIgniter\Session\Handlers\FileHandler' driver.
DEBUG - 2025-12-09 23:09:20 --> Session: Class initialized using 'CodeIgniter\Session\Handlers\FileHandler' driver.
DEBUG - 2025-12-09 23:09:20 --> Accediendo a módulo de caja
DEBUG - 2025-12-09 23:09:20 --> Datos para vista: Array
(
    [title] => Caja Registradora - POS System
    [caja_abierta] => Array
        (
            [id] => 7
            [fecha_apertura] => 2025-12-09 23:09:06
            [fecha_cierre] => 
            [monto_inicial] => 800000.00
            [monto_final] => 
            [usuario_id] => 1
            [estado] => abierta
            [total_ventas] => 0.00
            [created_at] => 2025-12-09 23:09:06
        )

    [ventas_hoy] => Array
        (
        )

)

DEBUG - 2025-12-09 23:10:52 --> Session: Class initialized using 'CodeIgniter\Session\Handlers\FileHandler' driver.
DEBUG - 2025-12-09 23:10:53 --> Iniciando cierre de caja
DEBUG - 2025-12-09 23:10:53 --> Total ventas hoy: 0
DEBUG - 2025-12-09 23:10:53 --> Datos para cerrar caja: Array
(
    [fecha_cierre] => 2025-12-09 23:10:53
    [monto_final] => 800000
    [total_ventas] => 0
    [estado] => cerrada
)

INFO - 2025-12-09 23:10:53 --> Caja cerrada exitosamente ID: 7
DEBUG - 2025-12-09 23:10:53 --> Session: Class initialized using 'CodeIgniter\Session\Handlers\FileHandler' driver.
DEBUG - 2025-12-09 23:10:53 --> Accediendo a módulo de caja
DEBUG - 2025-12-09 23:10:53 --> Datos para vista: Array
(
    [title] => Caja Registradora - POS System
    [caja_abierta] => 
    [ventas_hoy] => Array
        (
        )

)

DEBUG - 2025-12-09 23:11:03 --> Session: Class initialized using 'CodeIgniter\Session\Handlers\FileHandler' driver.
DEBUG - 2025-12-09 23:11:03 --> Iniciando proceso de apertura de caja
DEBUG - 2025-12-09 23:11:03 --> Monto inicial recibido: 0.00
ERROR - 2025-12-09 23:11:03 --> Monto inicial no válido: 0.00
DEBUG - 2025-12-09 23:11:03 --> Session: Class initialized using 'CodeIgniter\Session\Handlers\FileHandler' driver.
DEBUG - 2025-12-09 23:11:03 --> Accediendo a módulo de caja
DEBUG - 2025-12-09 23:11:03 --> Datos para vista: Array
(
    [title] => Caja Registradora - POS System
    [caja_abierta] => 
    [ventas_hoy] => Array
        (
        )

)

DEBUG - 2025-12-09 23:11:09 --> Session: Class initialized using 'CodeIgniter\Session\Handlers\FileHandler' driver.
DEBUG - 2025-12-09 23:11:09 --> Iniciando proceso de apertura de caja
DEBUG - 2025-12-09 23:11:09 --> Monto inicial recibido: 50000
DEBUG - 2025-12-09 23:11:09 --> User ID de sesión: 1
DEBUG - 2025-12-09 23:11:09 --> Datos para insertar: Array
(
    [fecha_apertura] => 2025-12-09 23:11:09
    [monto_inicial] => 50000
    [usuario_id] => 1
    [estado] => abierta
    [created_at] => 2025-12-09 23:11:09
)

DEBUG - 2025-12-09 23:11:09 --> Resultado de inserción: true
INFO - 2025-12-09 23:11:09 --> Caja abierta con ID: 8
DEBUG - 2025-12-09 23:11:09 --> Session: Class initialized using 'CodeIgniter\Session\Handlers\FileHandler' driver.
DEBUG - 2025-12-09 23:11:09 --> Iniciando proceso de apertura de caja
WARNING - 2025-12-09 23:11:09 --> Ya hay una caja abierta
DEBUG - 2025-12-09 23:11:09 --> Session: Class initialized using 'CodeIgniter\Session\Handlers\FileHandler' driver.
DEBUG - 2025-12-09 23:11:09 --> Accediendo a módulo de caja
DEBUG - 2025-12-09 23:11:09 --> Datos para vista: Array
(
    [title] => Caja Registradora - POS System
    [caja_abierta] => Array
        (
            [id] => 8
            [fecha_apertura] => 2025-12-09 23:11:09
            [fecha_cierre] => 
            [monto_inicial] => 50000.00
            [monto_final] => 
            [usuario_id] => 1
            [estado] => abierta
            [total_ventas] => 0.00
            [created_at] => 2025-12-09 23:11:09
        )

    [ventas_hoy] => Array
        (
        )

)

DEBUG - 2025-12-09 23:11:49 --> Session: Class initialized using 'CodeIgniter\Session\Handlers\FileHandler' driver.
DEBUG - 2025-12-09 23:11:49 --> Session: Class initialized using 'CodeIgniter\Session\Handlers\FileHandler' driver.
DEBUG - 2025-12-09 23:11:51 --> Session: Class initialized using 'CodeIgniter\Session\Handlers\FileHandler' driver.
DEBUG - 2025-12-09 23:11:51 --> Session: Class initialized using 'CodeIgniter\Session\Handlers\FileHandler' driver.
DEBUG - 2025-12-09 23:11:52 --> Session: Class initialized using 'CodeIgniter\Session\Handlers\FileHandler' driver.
DEBUG - 2025-12-09 23:11:55 --> Session: Class initialized using 'CodeIgniter\Session\Handlers\FileHandler' driver.
DEBUG - 2025-12-09 23:11:55 --> Accediendo a módulo de caja
DEBUG - 2025-12-09 23:11:55 --> Datos para vista: Array
(
    [title] => Caja Registradora - POS System
    [caja_abierta] => Array
        (
            [id] => 8
            [fecha_apertura] => 2025-12-09 23:11:09
            [fecha_cierre] => 
            [monto_inicial] => 50000.00
            [monto_final] => 
            [usuario_id] => 1
            [estado] => abierta
            [total_ventas] => 0.00
            [created_at] => 2025-12-09 23:11:09
        )

    [ventas_hoy] => Array
        (
        )

)

DEBUG - 2025-12-09 23:11:58 --> Session: Class initialized using 'CodeIgniter\Session\Handlers\FileHandler' driver.
DEBUG - 2025-12-09 23:12:12 --> Session: Class initialized using 'CodeIgniter\Session\Handlers\FileHandler' driver.
DEBUG - 2025-12-09 23:12:12 --> Session: Class initialized using 'CodeIgniter\Session\Handlers\FileHandler' driver.
DEBUG - 2025-12-09 23:12:16 --> Session: Class initialized using 'CodeIgniter\Session\Handlers\FileHandler' driver.
DEBUG - 2025-12-09 23:12:16 --> Accediendo a módulo de caja
DEBUG - 2025-12-09 23:12:16 --> Datos para vista: Array
(
    [title] => Caja Registradora - POS System
    [caja_abierta] => Array
        (
            [id] => 8
            [fecha_apertura] => 2025-12-09 23:11:09
            [fecha_cierre] => 
            [monto_inicial] => 50000.00
            [monto_final] => 
            [usuario_id] => 1
            [estado] => abierta
            [total_ventas] => 0.00
            [created_at] => 2025-12-09 23:11:09
        )

    [ventas_hoy] => Array
        (
            [0] => Array
                (
                    [id] => 45
                    [folio] => V20251209231212729
                    [cliente_id] => 
                    [usuario_id] => 1
                    [total] => 270.00
                    [efectivo] => 1000.00
                    [cambio] => 730.00
                    [estado] => completada
                    [fecha_venta] => 2025-12-09 23:12:12
                )

        )

)

DEBUG - 2025-12-09 23:13:38 --> Session: Class initialized using 'CodeIgniter\Session\Handlers\FileHandler' driver.
DEBUG - 2025-12-09 23:13:38 --> Session: Class initialized using 'CodeIgniter\Session\Handlers\FileHandler' driver.
DEBUG - 2025-12-09 23:13:38 --> Accediendo a módulo de caja
DEBUG - 2025-12-09 23:13:38 --> Datos para vista: Array
(
    [title] => Caja Registradora - POS System
    [caja_abierta] => Array
        (
            [id] => 8
            [fecha_apertura] => 2025-12-09 23:11:09
            [fecha_cierre] => 
            [monto_inicial] => 50000.00
            [monto_final] => 
            [usuario_id] => 1
            [estado] => abierta
            [total_ventas] => 0.00
            [created_at] => 2025-12-09 23:11:09
        )

    [ventas_hoy] => Array
        (
            [0] => Array
                (
                    [id] => 45
                    [folio] => V20251209231212729
                    [cliente_id] => 
                    [usuario_id] => 1
                    [total] => 270.00
                    [efectivo] => 1000.00
                    [cambio] => 730.00
                    [estado] => completada
                    [fecha_venta] => 2025-12-09 23:12:12
                )

        )

)

DEBUG - 2025-12-09 23:14:26 --> Session: Class initialized using 'CodeIgniter\Session\Handlers\FileHandler' driver.
DEBUG - 2025-12-09 23:14:33 --> Session: Class initialized using 'CodeIgniter\Session\Handlers\FileHandler' driver.
DEBUG - 2025-12-09 23:14:42 --> Session: Class initialized using 'CodeIgniter\Session\Handlers\FileHandler' driver.
DEBUG - 2025-12-09 23:14:42 --> Accediendo a módulo de caja
DEBUG - 2025-12-09 23:14:42 --> Datos para vista: Array
(
    [title] => Caja Registradora - POS System
    [caja_abierta] => Array
        (
            [id] => 8
            [fecha_apertura] => 2025-12-09 23:11:09
            [fecha_cierre] => 
            [monto_inicial] => 50000.00
            [monto_final] => 
            [usuario_id] => 1
            [estado] => abierta
            [total_ventas] => 0.00
            [created_at] => 2025-12-09 23:11:09
        )

    [ventas_hoy] => Array
        (
            [0] => Array
                (
                    [id] => 45
                    [folio] => V20251209231212729
                    [cliente_id] => 
                    [usuario_id] => 1
                    [total] => 270.00
                    [efectivo] => 1000.00
                    [cambio] => 730.00
                    [estado] => completada
                    [fecha_venta] => 2025-12-09 23:12:12
                )

        )

)

DEBUG - 2025-12-09 23:15:01 --> Session: Class initialized using 'CodeIgniter\Session\Handlers\FileHandler' driver.
DEBUG - 2025-12-09 23:15:01 --> Accediendo a módulo de caja
DEBUG - 2025-12-09 23:15:01 --> Datos para vista: Array
(
    [title] => Caja Registradora - POS System
    [caja_abierta] => Array
        (
            [id] => 8
            [fecha_apertura] => 2025-12-09 23:11:09
            [fecha_cierre] => 
            [monto_inicial] => 50000.00
            [monto_final] => 
            [usuario_id] => 1
            [estado] => abierta
            [total_ventas] => 0.00
            [created_at] => 2025-12-09 23:11:09
        )

    [ventas_hoy] => Array
        (
            [0] => Array
                (
                    [id] => 45
                    [folio] => V20251209231212729
                    [cliente_id] => 
                    [usuario_id] => 1
                    [total] => 270.00
                    [efectivo] => 1000.00
                    [cambio] => 730.00
                    [estado] => completada
                    [fecha_venta] => 2025-12-09 23:12:12
                )

        )

)

DEBUG - 2025-12-09 23:15:02 --> Session: Class initialized using 'CodeIgniter\Session\Handlers\FileHandler' driver.
DEBUG - 2025-12-09 23:15:54 --> Session: Class initialized using 'CodeIgniter\Session\Handlers\FileHandler' driver.
DEBUG - 2025-12-09 23:15:54 --> Accediendo a módulo de caja
DEBUG - 2025-12-09 23:15:54 --> Datos para vista: Array
(
    [title] => Caja Registradora - POS System
    [caja_abierta] => Array
        (
            [id] => 8
            [fecha_apertura] => 2025-12-09 23:11:09
            [fecha_cierre] => 
            [monto_inicial] => 50000.00
            [monto_final] => 
            [usuario_id] => 1
            [estado] => abierta
            [total_ventas] => 0.00
            [created_at] => 2025-12-09 23:11:09
        )

    [ventas_hoy] => Array
        (
            [0] => Array
                (
                    [id] => 45
                    [folio] => V20251209231212729
                    [cliente_id] => 
                    [usuario_id] => 1
                    [total] => 270.00
                    [efectivo] => 1000.00
                    [cambio] => 730.00
                    [estado] => completada
                    [fecha_venta] => 2025-12-09 23:12:12
                )

        )

)

DEBUG - 2025-12-09 23:15:58 --> Session: Class initialized using 'CodeIgniter\Session\Handlers\FileHandler' driver.
DEBUG - 2025-12-09 23:15:59 --> Session: Class initialized using 'CodeIgniter\Session\Handlers\FileHandler' driver.
DEBUG - 2025-12-09 23:16:01 --> Session: Class initialized using 'CodeIgniter\Session\Handlers\FileHandler' driver.
DEBUG - 2025-12-09 23:16:01 --> Session: Class initialized using 'CodeIgniter\Session\Handlers\FileHandler' driver.
DEBUG - 2025-12-09 23:16:03 --> Session: Class initialized using 'CodeIgniter\Session\Handlers\FileHandler' driver.
DEBUG - 2025-12-09 23:16:05 --> Session: Class initialized using 'CodeIgniter\Session\Handlers\FileHandler' driver.
DEBUG - 2025-12-09 23:16:14 --> Session: Class initialized using 'CodeIgniter\Session\Handlers\FileHandler' driver.
DEBUG - 2025-12-09 23:19:10 --> Session: Class initialized using 'CodeIgniter\Session\Handlers\FileHandler' driver.
DEBUG - 2025-12-09 23:19:10 --> Session: Class initialized using 'CodeIgniter\Session\Handlers\FileHandler' driver.
DEBUG - 2025-12-09 23:19:13 --> Session: Class initialized using 'CodeIgniter\Session\Handlers\FileHandler' driver.
DEBUG - 2025-12-09 23:19:14 --> Session: Class initialized using 'CodeIgniter\Session\Handlers\FileHandler' driver.
DEBUG - 2025-12-09 23:19:16 --> Session: Class initialized using 'CodeIgniter\Session\Handlers\FileHandler' driver.
DEBUG - 2025-12-09 23:19:18 --> Session: Class initialized using 'CodeIgniter\Session\Handlers\FileHandler' driver.
DEBUG - 2025-12-09 23:19:20 --> Session: Class initialized using 'CodeIgniter\Session\Handlers\FileHandler' driver.
DEBUG - 2025-12-09 23:21:13 --> Session: Class initialized using 'CodeIgniter\Session\Handlers\FileHandler' driver.
DEBUG - 2025-12-09 23:21:15 --> Session: Class initialized using 'CodeIgniter\Session\Handlers\FileHandler' driver.
DEBUG - 2025-12-09 23:21:17 --> Session: Class initialized using 'CodeIgniter\Session\Handlers\FileHandler' driver.
DEBUG - 2025-12-09 23:21:18 --> Session: Class initialized using 'CodeIgniter\Session\Handlers\FileHandler' driver.
DEBUG - 2025-12-09 23:21:20 --> Session: Class initialized using 'CodeIgniter\Session\Handlers\FileHandler' driver.
DEBUG - 2025-12-09 23:21:31 --> Session: Class initialized using 'CodeIgniter\Session\Handlers\FileHandler' driver.
DEBUG - 2025-12-09 23:21:34 --> Session: Class initialized using 'CodeIgniter\Session\Handlers\FileHandler' driver.
DEBUG - 2025-12-09 23:23:09 --> Session: Class initialized using 'CodeIgniter\Session\Handlers\FileHandler' driver.
DEBUG - 2025-12-09 23:23:09 --> Accediendo a módulo de caja
DEBUG - 2025-12-09 23:23:09 --> Datos para vista: Array
(
    [title] => Caja Registradora - POS System
    [caja_abierta] => Array
        (
            [id] => 8
            [fecha_apertura] => 2025-12-09 23:11:09
            [fecha_cierre] => 
            [monto_inicial] => 50000.00
            [monto_final] => 
            [usuario_id] => 1
            [estado] => abierta
            [total_ventas] => 0.00
            [created_at] => 2025-12-09 23:11:09
        )

    [ventas_hoy] => Array
        (
            [0] => Array
                (
                    [id] => 45
                    [folio] => V20251209231212729
                    [cliente_id] => 
                    [usuario_id] => 1
                    [total] => 270.00
                    [efectivo] => 1000.00
                    [cambio] => 730.00
                    [estado] => completada
                    [fecha_venta] => 2025-12-09 23:12:12
                )

        )

)

DEBUG - 2025-12-09 23:23:11 --> Session: Class initialized using 'CodeIgniter\Session\Handlers\FileHandler' driver.
DEBUG - 2025-12-09 23:23:11 --> Iniciando cierre de caja
DEBUG - 2025-12-09 23:23:11 --> Total ventas hoy: 270
DEBUG - 2025-12-09 23:23:11 --> Datos para cerrar caja: Array
(
    [fecha_cierre] => 2025-12-09 23:23:11
    [monto_final] => 50270
    [total_ventas] => 270
    [estado] => cerrada
)

INFO - 2025-12-09 23:23:11 --> Caja cerrada exitosamente ID: 8
DEBUG - 2025-12-09 23:23:11 --> Session: Class initialized using 'CodeIgniter\Session\Handlers\FileHandler' driver.
DEBUG - 2025-12-09 23:23:11 --> Accediendo a módulo de caja
DEBUG - 2025-12-09 23:23:11 --> Datos para vista: Array
(
    [title] => Caja Registradora - POS System
    [caja_abierta] => 
    [ventas_hoy] => Array
        (
            [0] => Array
                (
                    [id] => 45
                    [folio] => V20251209231212729
                    [cliente_id] => 
                    [usuario_id] => 1
                    [total] => 270.00
                    [efectivo] => 1000.00
                    [cambio] => 730.00
                    [estado] => completada
                    [fecha_venta] => 2025-12-09 23:12:12
                )

        )

)

DEBUG - 2025-12-09 23:23:17 --> Session: Class initialized using 'CodeIgniter\Session\Handlers\FileHandler' driver.
DEBUG - 2025-12-09 23:23:21 --> Session: Class initialized using 'CodeIgniter\Session\Handlers\FileHandler' driver.
DEBUG - 2025-12-09 23:23:22 --> Session: Class initialized using 'CodeIgniter\Session\Handlers\FileHandler' driver.
DEBUG - 2025-12-09 23:23:27 --> Session: Class initialized using 'CodeIgniter\Session\Handlers\FileHandler' driver.
DEBUG - 2025-12-09 23:23:29 --> Session: Class initialized using 'CodeIgniter\Session\Handlers\FileHandler' driver.
DEBUG - 2025-12-09 23:24:12 --> Session: Class initialized using 'CodeIgniter\Session\Handlers\FileHandler' driver.
DEBUG - 2025-12-09 23:24:13 --> Session: Class initialized using 'CodeIgniter\Session\Handlers\FileHandler' driver.
DEBUG - 2025-12-09 23:24:18 --> Session: Class initialized using 'CodeIgniter\Session\Handlers\FileHandler' driver.
DEBUG - 2025-12-09 23:24:23 --> Session: Class initialized using 'CodeIgniter\Session\Handlers\FileHandler' driver.
DEBUG - 2025-12-09 23:24:26 --> Session: Class initialized using 'CodeIgniter\Session\Handlers\FileHandler' driver.
DEBUG - 2025-12-09 23:25:14 --> Session: Class initialized using 'CodeIgniter\Session\Handlers\FileHandler' driver.
DEBUG - 2025-12-09 23:25:22 --> Session: Class initialized using 'CodeIgniter\Session\Handlers\FileHandler' driver.
DEBUG - 2025-12-09 23:25:25 --> Session: Class initialized using 'CodeIgniter\Session\Handlers\FileHandler' driver.
DEBUG - 2025-12-09 23:25:36 --> Session: Class initialized using 'CodeIgniter\Session\Handlers\FileHandler' driver.
DEBUG - 2025-12-09 23:25:36 --> Session: Class initialized using 'CodeIgniter\Session\Handlers\FileHandler' driver.
DEBUG - 2025-12-09 23:25:40 --> Session: Class initialized using 'CodeIgniter\Session\Handlers\FileHandler' driver.
DEBUG - 2025-12-09 23:25:43 --> Session: Class initialized using 'CodeIgniter\Session\Handlers\FileHandler' driver.
DEBUG - 2025-12-09 23:29:22 --> Session: Class initialized using 'CodeIgniter\Session\Handlers\FileHandler' driver.
DEBUG - 2025-12-09 23:29:27 --> Session: Class initialized using 'CodeIgniter\Session\Handlers\FileHandler' driver.
DEBUG - 2025-12-09 23:29:27 --> Datos recibidos para guardar tienda: Array
(
    [nombre_tienda] => MI TIEND
    [direccion] => calle arbolin
    [telefono] => 4141148085
    [email] => l20590268@sjuanrio.tecnm.mx
    [rfc] => MARA020430AK7
    [mensaje_ticket] => ¡Gracias por su compra! vuelva pronto :)
)

DEBUG - 2025-12-09 23:29:27 --> Configuración existente: Array
(
    [id] => 1
    [nombre_tienda] => MI TIENDA
    [direccion] => calle arbolin
    [telefono] => 4141148085
    [email] => l20590268@sjuanrio.tecnm.mx
    [rfc] => MARA020430AK7
    [mensaje_ticket] => ¡Gracias por su compra! vuelva pronto :)
    [created_at] => 2025-12-03 00:06:32
)

DEBUG - 2025-12-09 23:29:27 --> Resultado de actualización: true
DEBUG - 2025-12-09 23:30:20 --> Session: Class initialized using 'CodeIgniter\Session\Handlers\FileHandler' driver.
DEBUG - 2025-12-09 23:30:24 --> Session: Class initialized using 'CodeIgniter\Session\Handlers\FileHandler' driver.
DEBUG - 2025-12-09 23:30:24 --> Datos recibidos para guardar tienda: Array
(
    [nombre_tienda] => MI TIEND
    [direccion] => calle arbolin
    [telefono] => 4141148085
    [email] => l20590268@sjuanrio.tecnm.mx
    [rfc] => MARA020430AK7
    [mensaje_ticket] => ¡Gracias por su compra! vuelva pronto :)
)

DEBUG - 2025-12-09 23:30:24 --> Configuración existente: Array
(
    [id] => 1
    [nombre_tienda] => MI TIEND
    [direccion] => calle arbolin
    [telefono] => 4141148085
    [email] => l20590268@sjuanrio.tecnm.mx
    [rfc] => MARA020430AK7
    [mensaje_ticket] => ¡Gracias por su compra! vuelva pronto :)
    [created_at] => 2025-12-03 00:06:32
)

DEBUG - 2025-12-09 23:30:24 --> Resultado de actualización: true
DEBUG - 2025-12-09 23:30:25 --> Session: Class initialized using 'CodeIgniter\Session\Handlers\FileHandler' driver.
DEBUG - 2025-12-09 23:34:49 --> Session: Class initialized using 'CodeIgniter\Session\Handlers\FileHandler' driver.
DEBUG - 2025-12-09 23:34:49 --> Datos para crear usuario: Array
(
    [nombre] => Maria
    [email] => maria@pos.com
    [password] => 12345678
    [rol] => vendedor
)

DEBUG - 2025-12-09 23:34:49 --> Datos a insertar en usuario: Array
(
    [nombre] => Maria
    [email] => maria@pos.com
    [password] => 12345678
    [rol] => vendedor
    [activo] => 1
)

INFO - 2025-12-09 23:34:49 --> Usuario creado con ID: 19
DEBUG - 2025-12-09 23:34:50 --> Session: Class initialized using 'CodeIgniter\Session\Handlers\FileHandler' driver.
DEBUG - 2025-12-09 23:34:53 --> Session: Class initialized using 'CodeIgniter\Session\Handlers\FileHandler' driver.
DEBUG - 2025-12-09 23:34:56 --> Session: Class initialized using 'CodeIgniter\Session\Handlers\FileHandler' driver.
DEBUG - 2025-12-09 23:37:04 --> Session: Class initialized using 'CodeIgniter\Session\Handlers\FileHandler' driver.
DEBUG - 2025-12-09 23:37:06 --> Session: Class initialized using 'CodeIgniter\Session\Handlers\FileHandler' driver.
DEBUG - 2025-12-09 23:37:06 --> Accediendo a módulo de caja
DEBUG - 2025-12-09 23:37:06 --> Datos para vista: Array
(
    [title] => Caja Registradora - POS System
    [caja_abierta] => 
    [ventas_hoy] => Array
        (
            [0] => Array
                (
                    [id] => 45
                    [folio] => V20251209231212729
                    [cliente_id] => 
                    [usuario_id] => 1
                    [total] => 270.00
                    [efectivo] => 1000.00
                    [cambio] => 730.00
                    [estado] => cancelada
                    [fecha_venta] => 2025-12-09 23:12:12
                )

        )

)

DEBUG - 2025-12-09 23:37:08 --> Session: Class initialized using 'CodeIgniter\Session\Handlers\FileHandler' driver.
DEBUG - 2025-12-09 23:37:10 --> Session: Class initialized using 'CodeIgniter\Session\Handlers\FileHandler' driver.
DEBUG - 2025-12-09 23:39:45 --> Session: Class initialized using 'CodeIgniter\Session\Handlers\FileHandler' driver.
DEBUG - 2025-12-09 23:39:46 --> Session: Class initialized using 'CodeIgniter\Session\Handlers\FileHandler' driver.
DEBUG - 2025-12-09 23:39:50 --> Session: Class initialized using 'CodeIgniter\Session\Handlers\FileHandler' driver.
DEBUG - 2025-12-09 23:39:52 --> Session: Class initialized using 'CodeIgniter\Session\Handlers\FileHandler' driver.
DEBUG - 2025-12-09 23:39:57 --> Session: Class initialized using 'CodeIgniter\Session\Handlers\FileHandler' driver.
DEBUG - 2025-12-09 23:43:50 --> Session: Class initialized using 'CodeIgniter\Session\Handlers\FileHandler' driver.
DEBUG - 2025-12-09 23:44:55 --> Session: Class initialized using 'CodeIgniter\Session\Handlers\FileHandler' driver.
DEBUG - 2025-12-09 23:44:58 --> Session: Class initialized using 'CodeIgniter\Session\Handlers\FileHandler' driver.
CRITICAL - 2025-12-09 23:44:58 --> CodeIgniter\View\Exceptions\ViewException: Invalid file: "admin/productos/crear.php"
[Method: GET, Route: admin/productos/crear]
in SYSTEMPATH\Exceptions\FrameworkException.php on line 39.
 1 SYSTEMPATH\View\View.php(214): CodeIgniter\Exceptions\FrameworkException::forInvalidFile('admin/productos/crear.php')
 2 SYSTEMPATH\Common.php(1167): CodeIgniter\View\View->render('admin/productos/crear', [], true)
 3 APPPATH\Controllers\ProductosController.php(69): view('admin/productos/crear', [...])
 4 SYSTEMPATH\CodeIgniter.php(933): App\Controllers\ProductosController->crear()
 5 SYSTEMPATH\CodeIgniter.php(507): CodeIgniter\CodeIgniter->runController(Object(App\Controllers\ProductosController))
 6 SYSTEMPATH\CodeIgniter.php(354): CodeIgniter\CodeIgniter->handleRequest(null, Object(Config\Cache), false)
 7 SYSTEMPATH\Boot.php(363): CodeIgniter\CodeIgniter->run()
 8 SYSTEMPATH\Boot.php(68): CodeIgniter\Boot::runCodeIgniter(Object(CodeIgniter\CodeIgniter))
 9 FCPATH\index.php(59): CodeIgniter\Boot::bootWeb(Object(Config\Paths))
10 SYSTEMPATH\rewrite.php(44): require_once('C:\\pos_system\\pos_system\\public\\index.php')
DEBUG - 2025-12-09 23:46:16 --> Session: Class initialized using 'CodeIgniter\Session\Handlers\FileHandler' driver.
DEBUG - 2025-12-09 23:46:17 --> Session: Class initialized using 'CodeIgniter\Session\Handlers\FileHandler' driver.
CRITICAL - 2025-12-09 23:46:17 --> CodeIgniter\View\Exceptions\ViewException: Invalid file: "admin/productos/editar.php"
[Method: GET, Route: admin/productos/editar/6]
in SYSTEMPATH\Exceptions\FrameworkException.php on line 39.
 1 SYSTEMPATH\View\View.php(214): CodeIgniter\Exceptions\FrameworkException::forInvalidFile('admin/productos/editar.php')
 2 SYSTEMPATH\Common.php(1167): CodeIgniter\View\View->render('admin/productos/editar', [], true)
 3 APPPATH\Controllers\ProductosController.php(133): view('admin/productos/editar', [...])
 4 SYSTEMPATH\CodeIgniter.php(933): App\Controllers\ProductosController->editar('6')
 5 SYSTEMPATH\CodeIgniter.php(507): CodeIgniter\CodeIgniter->runController(Object(App\Controllers\ProductosController))
 6 SYSTEMPATH\CodeIgniter.php(354): CodeIgniter\CodeIgniter->handleRequest(null, Object(Config\Cache), false)
 7 SYSTEMPATH\Boot.php(363): CodeIgniter\CodeIgniter->run()
 8 SYSTEMPATH\Boot.php(68): CodeIgniter\Boot::runCodeIgniter(Object(CodeIgniter\CodeIgniter))
 9 FCPATH\index.php(59): CodeIgniter\Boot::bootWeb(Object(Config\Paths))
10 SYSTEMPATH\rewrite.php(44): require_once('C:\\pos_system\\pos_system\\public\\index.php')
DEBUG - 2025-12-09 23:46:22 --> Session: Class initialized using 'CodeIgniter\Session\Handlers\FileHandler' driver.
CRITICAL - 2025-12-09 23:46:22 --> CodeIgniter\View\Exceptions\ViewException: Invalid file: "admin/productos/crear.php"
[Method: GET, Route: admin/productos/crear]
in SYSTEMPATH\Exceptions\FrameworkException.php on line 39.
 1 SYSTEMPATH\View\View.php(214): CodeIgniter\Exceptions\FrameworkException::forInvalidFile('admin/productos/crear.php')
 2 SYSTEMPATH\Common.php(1167): CodeIgniter\View\View->render('admin/productos/crear', [], true)
 3 APPPATH\Controllers\ProductosController.php(69): view('admin/productos/crear', [...])
 4 SYSTEMPATH\CodeIgniter.php(933): App\Controllers\ProductosController->crear()
 5 SYSTEMPATH\CodeIgniter.php(507): CodeIgniter\CodeIgniter->runController(Object(App\Controllers\ProductosController))
 6 SYSTEMPATH\CodeIgniter.php(354): CodeIgniter\CodeIgniter->handleRequest(null, Object(Config\Cache), false)
 7 SYSTEMPATH\Boot.php(363): CodeIgniter\CodeIgniter->run()
 8 SYSTEMPATH\Boot.php(68): CodeIgniter\Boot::runCodeIgniter(Object(CodeIgniter\CodeIgniter))
 9 FCPATH\index.php(59): CodeIgniter\Boot::bootWeb(Object(Config\Paths))
10 SYSTEMPATH\rewrite.php(44): require_once('C:\\pos_system\\pos_system\\public\\index.php')
DEBUG - 2025-12-09 23:46:25 --> Session: Class initialized using 'CodeIgniter\Session\Handlers\FileHandler' driver.
CRITICAL - 2025-12-09 23:46:25 --> CodeIgniter\View\Exceptions\ViewException: Invalid file: "admin/productos/crear.php"
[Method: GET, Route: admin/productos/crear]
in SYSTEMPATH\Exceptions\FrameworkException.php on line 39.
 1 SYSTEMPATH\View\View.php(214): CodeIgniter\Exceptions\FrameworkException::forInvalidFile('admin/productos/crear.php')
 2 SYSTEMPATH\Common.php(1167): CodeIgniter\View\View->render('admin/productos/crear', [], true)
 3 APPPATH\Controllers\ProductosController.php(69): view('admin/productos/crear', [...])
 4 SYSTEMPATH\CodeIgniter.php(933): App\Controllers\ProductosController->crear()
 5 SYSTEMPATH\CodeIgniter.php(507): CodeIgniter\CodeIgniter->runController(Object(App\Controllers\ProductosController))
 6 SYSTEMPATH\CodeIgniter.php(354): CodeIgniter\CodeIgniter->handleRequest(null, Object(Config\Cache), false)
 7 SYSTEMPATH\Boot.php(363): CodeIgniter\CodeIgniter->run()
 8 SYSTEMPATH\Boot.php(68): CodeIgniter\Boot::runCodeIgniter(Object(CodeIgniter\CodeIgniter))
 9 FCPATH\index.php(59): CodeIgniter\Boot::bootWeb(Object(Config\Paths))
10 SYSTEMPATH\rewrite.php(44): require_once('C:\\pos_system\\pos_system\\public\\index.php')
DEBUG - 2025-12-09 23:47:15 --> Session: Class initialized using 'CodeIgniter\Session\Handlers\FileHandler' driver.
CRITICAL - 2025-12-09 23:47:15 --> CodeIgniter\View\Exceptions\ViewException: Invalid file: "admin/productos/crear.php"
[Method: GET, Route: admin/productos/crear]
in SYSTEMPATH\Exceptions\FrameworkException.php on line 39.
 1 SYSTEMPATH\View\View.php(214): CodeIgniter\Exceptions\FrameworkException::forInvalidFile('admin/productos/crear.php')
 2 SYSTEMPATH\Common.php(1167): CodeIgniter\View\View->render('admin/productos/crear', [], true)
 3 APPPATH\Controllers\ProductosController.php(69): view('admin/productos/crear', [...])
 4 SYSTEMPATH\CodeIgniter.php(933): App\Controllers\ProductosController->crear()
 5 SYSTEMPATH\CodeIgniter.php(507): CodeIgniter\CodeIgniter->runController(Object(App\Controllers\ProductosController))
 6 SYSTEMPATH\CodeIgniter.php(354): CodeIgniter\CodeIgniter->handleRequest(null, Object(Config\Cache), false)
 7 SYSTEMPATH\Boot.php(363): CodeIgniter\CodeIgniter->run()
 8 SYSTEMPATH\Boot.php(68): CodeIgniter\Boot::runCodeIgniter(Object(CodeIgniter\CodeIgniter))
 9 FCPATH\index.php(59): CodeIgniter\Boot::bootWeb(Object(Config\Paths))
10 SYSTEMPATH\rewrite.php(44): require_once('C:\\pos_system\\pos_system\\public\\index.php')
DEBUG - 2025-12-09 23:49:23 --> Session: Class initialized using 'CodeIgniter\Session\Handlers\FileHandler' driver.
DEBUG - 2025-12-09 23:49:24 --> Session: Class initialized using 'CodeIgniter\Session\Handlers\FileHandler' driver.
DEBUG - 2025-12-09 23:49:56 --> Session: Class initialized using 'CodeIgniter\Session\Handlers\FileHandler' driver.
DEBUG - 2025-12-09 23:49:59 --> Session: Class initialized using 'CodeIgniter\Session\Handlers\FileHandler' driver.
DEBUG - 2025-12-09 23:50:07 --> Session: Class initialized using 'CodeIgniter\Session\Handlers\FileHandler' driver.
DEBUG - 2025-12-09 23:50:07 --> Session: Class initialized using 'CodeIgniter\Session\Handlers\FileHandler' driver.
DEBUG - 2025-12-09 23:52:20 --> Session: Class initialized using 'CodeIgniter\Session\Handlers\FileHandler' driver.
DEBUG - 2025-12-09 23:52:24 --> Session: Class initialized using 'CodeIgniter\Session\Handlers\FileHandler' driver.
DEBUG - 2025-12-09 23:53:06 --> Session: Class initialized using 'CodeIgniter\Session\Handlers\FileHandler' driver.
DEBUG - 2025-12-09 23:53:07 --> Session: Class initialized using 'CodeIgniter\Session\Handlers\FileHandler' driver.
DEBUG - 2025-12-09 23:53:18 --> Session: Class initialized using 'CodeIgniter\Session\Handlers\FileHandler' driver.
DEBUG - 2025-12-09 23:53:27 --> Session: Class initialized using 'CodeIgniter\Session\Handlers\FileHandler' driver.
DEBUG - 2025-12-09 23:53:32 --> Session: Class initialized using 'CodeIgniter\Session\Handlers\FileHandler' driver.
DEBUG - 2025-12-09 23:53:51 --> Session: Class initialized using 'CodeIgniter\Session\Handlers\FileHandler' driver.
DEBUG - 2025-12-09 23:53:53 --> Session: Class initialized using 'CodeIgniter\Session\Handlers\FileHandler' driver.
DEBUG - 2025-12-09 23:53:53 --> Accediendo a módulo de caja
DEBUG - 2025-12-09 23:53:53 --> Datos para vista: Array
(
    [title] => Caja Registradora - POS System
    [caja_abierta] => 
    [ventas_hoy] => Array
        (
            [0] => Array
                (
                    [id] => 45
                    [folio] => V20251209231212729
                    [cliente_id] => 
                    [usuario_id] => 1
                    [total] => 270.00
                    [efectivo] => 1000.00
                    [cambio] => 730.00
                    [estado] => cancelada
                    [fecha_venta] => 2025-12-09 23:12:12
                )

        )

)

DEBUG - 2025-12-09 23:53:56 --> Session: Class initialized using 'CodeIgniter\Session\Handlers\FileHandler' driver.
DEBUG - 2025-12-09 23:54:00 --> Session: Class initialized using 'CodeIgniter\Session\Handlers\FileHandler' driver.
DEBUG - 2025-12-09 23:54:01 --> Session: Class initialized using 'CodeIgniter\Session\Handlers\FileHandler' driver.
DEBUG - 2025-12-09 23:54:03 --> Session: Class initialized using 'CodeIgniter\Session\Handlers\FileHandler' driver.
DEBUG - 2025-12-09 23:54:10 --> Session: Class initialized using 'CodeIgniter\Session\Handlers\FileHandler' driver.
DEBUG - 2025-12-09 23:54:12 --> Session: Class initialized using 'CodeIgniter\Session\Handlers\FileHandler' driver.
DEBUG - 2025-12-09 23:54:17 --> Session: Class initialized using 'CodeIgniter\Session\Handlers\FileHandler' driver.
DEBUG - 2025-12-09 23:54:30 --> Session: Class initialized using 'CodeIgniter\Session\Handlers\FileHandler' driver.
DEBUG - 2025-12-09 23:54:30 --> Datos recibidos para guardar tienda: Array
(
    [nombre_tienda] => MI TIEND
    [direccion] => calle arbolin
    [telefono] => 4141148085
    [email] => l20590234@sjuanrio.tecnm.mx
    [rfc] => MARA020430AK7
    [mensaje_ticket] => ¡Gracias por su compra! vuelva pronto :)
)

DEBUG - 2025-12-09 23:54:30 --> Configuración existente: Array
(
    [id] => 1
    [nombre_tienda] => MI TIEND
    [direccion] => calle arbolin
    [telefono] => 4141148085
    [email] => l20590268@sjuanrio.tecnm.mx
    [rfc] => MARA020430AK7
    [mensaje_ticket] => ¡Gracias por su compra! vuelva pronto :)
    [created_at] => 2025-12-03 00:06:32
)

DEBUG - 2025-12-09 23:54:30 --> Resultado de actualización: true
DEBUG - 2025-12-09 23:54:30 --> Session: Class initialized using 'CodeIgniter\Session\Handlers\FileHandler' driver.
DEBUG - 2025-12-09 23:54:34 --> Session: Class initialized using 'CodeIgniter\Session\Handlers\FileHandler' driver.
DEBUG - 2025-12-09 23:54:39 --> Session: Class initialized using 'CodeIgniter\Session\Handlers\FileHandler' driver.
DEBUG - 2025-12-09 23:55:15 --> Session: Class initialized using 'CodeIgniter\Session\Handlers\FileHandler' driver.
DEBUG - 2025-12-09 23:55:16 --> Session: Class initialized using 'CodeIgniter\Session\Handlers\FileHandler' driver.
DEBUG - 2025-12-09 23:55:18 --> Session: Class initialized using 'CodeIgniter\Session\Handlers\FileHandler' driver.
DEBUG - 2025-12-09 23:55:19 --> Session: Class initialized using 'CodeIgniter\Session\Handlers\FileHandler' driver.
DEBUG - 2025-12-09 23:55:21 --> Session: Class initialized using 'CodeIgniter\Session\Handlers\FileHandler' driver.
DEBUG - 2025-12-09 23:55:22 --> Session: Class initialized using 'CodeIgniter\Session\Handlers\FileHandler' driver.
DEBUG - 2025-12-09 23:55:22 --> Accediendo a módulo de caja
DEBUG - 2025-12-09 23:55:22 --> Datos para vista: Array
(
    [title] => Caja Registradora - POS System
    [caja_abierta] => 
    [ventas_hoy] => Array
        (
            [0] => Array
                (
                    [id] => 45
                    [folio] => V20251209231212729
                    [cliente_id] => 
                    [usuario_id] => 1
                    [total] => 270.00
                    [efectivo] => 1000.00
                    [cambio] => 730.00
                    [estado] => cancelada
                    [fecha_venta] => 2025-12-09 23:12:12
                )

        )

)

DEBUG - 2025-12-09 23:55:24 --> Session: Class initialized using 'CodeIgniter\Session\Handlers\FileHandler' driver.
DEBUG - 2025-12-09 23:55:25 --> Session: Class initialized using 'CodeIgniter\Session\Handlers\FileHandler' driver.
DEBUG - 2025-12-09 23:55:27 --> Session: Class initialized using 'CodeIgniter\Session\Handlers\FileHandler' driver.
DEBUG - 2025-12-09 23:55:30 --> Session: Class initialized using 'CodeIgniter\Session\Handlers\FileHandler' driver.
DEBUG - 2025-12-09 23:55:31 --> Session: Class initialized using 'CodeIgniter\Session\Handlers\FileHandler' driver.
DEBUG - 2025-12-09 23:55:32 --> Session: Class initialized using 'CodeIgniter\Session\Handlers\FileHandler' driver.
DEBUG - 2025-12-09 23:55:34 --> Session: Class initialized using 'CodeIgniter\Session\Handlers\FileHandler' driver.
DEBUG - 2025-12-09 23:56:37 --> Session: Class initialized using 'CodeIgniter\Session\Handlers\FileHandler' driver.
DEBUG - 2025-12-09 23:56:40 --> Session: Class initialized using 'CodeIgniter\Session\Handlers\FileHandler' driver.
DEBUG - 2025-12-09 23:56:40 --> Session: Class initialized using 'CodeIgniter\Session\Handlers\FileHandler' driver.
